Detail_ID,Discount,Discount_Amount,ExistedQuantity,P_ID,Product_Category,Product_Description,PurchaseCurrency,Purchase_ID,Qty,SerialNumber,Total,Total_Cost,Unit_Cost
27,0.,$0.00,1,445,Accessories,Samsung Galaxy A16 SM-A165F 6gb | 128gb,USD,1,2,,$292.00,$292.00,$146.00
28,0.,$0.00,0,1311,Accessories,pawa 2in1,USD,2,2,,$66.00,$66.00,$33.00
29,0.,$0.00,0,1312,Accessories,One Depot DPH03,USD,2,20,,$16.00,$16.00,$0.80
30,0.,$0.00,0,1314,Accessories,One Depot DPH02,USD,2,13,,$10.40,$10.40,$0.80
31,0.,$0.00,0,1315,Accessories,One Depot DPH01,USD,2,17,,$13.60,$13.60,$0.80
32,0.,$0.00,2,142,Accessories,Borofone USBC to Aux Cable BL19,USD,2,5,,$17.50,$17.50,$3.50
33,0.,$0.00,3,590,Accessories,Borofone iPhone to Aux Cable BL19,USD,2,5,,$17.50,$17.50,$3.50
34,0.,$0.00,0,1000,Accessories,Clear Protection iPhone 16 Pro,USD,2,20,,$30.00,$30.00,$1.50
35,0.,$0.00,0,968,Accessories,Clear Protection iPhone 13 / 13 Pro,USD,2,10,,$15.00,$15.00,$1.50
36,0.,$0.00,14,1002,Accessories,Clear Protection iPhone 14 Pro,USD,2,10,,$15.00,$15.00,$1.50
37,0.,$0.00,0,1036,Accessories,Privacy Protection iPhone 14 Pro Max,USD,2,10,,$15.00,$15.00,$1.50
38,0.,$0.00,0,976,Accessories,Clear Protection Samsung S22,USD,2,3,,$5.25,$5.25,$1.75
39,0.,$0.00,1,530,Accessories,Watch Band 42 | 44 | 45 mm,USD,2,3,,$4.50,$4.50,$1.50
40,0.,$0.00,0,1316,Accessories,Magnetic Cover Samsung S23 Ultra,USD,2,5,,$12.50,$12.50,$2.50
41,0.,$0.00,0,1317,Accessories,My Choice Cover Samsung S25 Ultra,USD,2,5,,$18.75,$18.75,$3.75
42,0.,$0.00,0,1322,Accessories,New Silicone MagSafe Case iPhone 16 Pro,USD,2,3,,$9.00,$9.00,$3.00
43,0.,$0.00,0,1320,Accessories,New Silicone MagSafe Case iPhone 13,USD,2,1,,$3.00,$3.00,$3.00
44,0.,$0.00,0,1321,Accessories,New Silicone MagSafe Case iPhone 14,USD,2,3,,$9.00,$9.00,$3.00
45,0.,$0.00,0,1319,Accessories,Magnetic Cover iPhone 13 - iPhone 14,USD,2,7,,$17.50,$17.50,$2.50
46,0.,$0.00,0,1233,Accessories,Clear Case Magsafe iPhone 15 Pro,USD,2,5,,$10.00,$10.00,$2.00
47,0.,$0.00,0,1313,Accessories,pubg mobile controller ak-66,USD,2,1,,$3.00,$3.00,$3.00
48,0.,$0.00,0,1323,Accessories,New Lens iPhone 16 Pro Max,USD,2,12,,$21.00,$21.00,$1.75
49,0.,$0.00,0,1324,Accessories,New Lens iPhone 14 Pro Max,USD,2,3,,$3.75,$3.75,$1.25
50,0.,$0.00,0,99,Accessories,Lens Shield - iPhone 14 Pro Max,USD,2,2,,$3.50,$3.50,$1.75
51,0.,$0.00,1,80,Accessories,Camera Lens iPhone 16 | 16 Plus,USD,2,6,,$12.00,$12.00,$2.00
52,0.,$0.00,0,125,Accessories,Astronaut Star Light White,USD,2,3,,$45.00,$45.00,$15.00
53,0.,$0.00,5,921,Accessories,Terea Oasis Pearl,USD,3,20,,$48.00,$48.00,$2.40
54,0.,$0.00,6,920,Accessories,Terea Sun Pearl,USD,3,20,,$48.00,$48.00,$2.40
55,0.,$0.00,18,917,Accessories,Terea Turquoise,USD,3,40,,$93.20,$93.20,$2.33
56,0.,$0.00,3,918,Accessories,Terea Silver,USD,3,20,,$45.44,$45.44,$2.27
57,0.,$0.00,12,924,Accessories,Terea Sienna,USD,3,10,,$22.70,$22.70,$2.27
58,0.,$0.00,8,919,Accessories,Terea Yellow,USD,3,10,,$23.30,$23.30,$2.33
59,0.,$0.00,9,923,Accessories,Terea Amber,USD,3,10,,$24.00,$24.00,$2.40
60,0.,$0.00,0,925,Accessories,Blends Cool Fresh,USD,3,10,,$9.50,$9.50,$0.95
61,0.,$0.00,4,922,Accessories,Terea Purple,USD,3,30,,$72.00,$72.00,$2.40
62,0.,$0.00,0,1326,Accessories,Honor Pad X8A,USD,4,1,,$139.00,$139.00,$139.00
63,0.,$0.00,0,1328,Accessories,Iqos ILUMA I Leaf Green,USD,5,2,,$50.50,$50.50,$25.25
64,0.,$0.00,0,1327,Accessories,Iqos ILUMA I Midnight Black,USD,5,2,,$50.50,$50.50,$25.25
65,0.,$0.00,2,605,Accessories,Xiaomi Smart Mini TV Stick FHD Android TV,USD,6,1,,$34.00,$34.00,$34.00
66,0.,$0.00,1,540,Accessories,Xiaomi Smart TV Box 4K Android TV,USD,6,1,,$52.00,$52.00,$52.00
67,0.,$0.00,0,1306,Accessories,Samsung Original Charger 45W PD Adapter C to C,USD,6,5,,$105.00,$105.00,$21.00
68,0.,$0.00,0,455,Accessories,Samsung Charger 45W PD Adapter C to C,USD,6,5,,$25.00,$25.00,$5.00
69,0.,$0.00,0,1329,Accessories,XO-BCC08 CAR MP3 CHARGER,USD,6,4,,$28.00,$28.00,$7.00
70,0.,$0.00,0,1330,Accessories, Iphone 15 Pro Max 256 353180735731 785,USD,7,1,,"$1,090.00","$1,090.00","$1,090.00"
71,0.,$0.00,0,1331,Accessories,Samsung Galaxy A07SM-A07F 4gb | 128gb,USD,8,1,,$113.00,$113.00,$113.00
72,0.,$0.00,0,1332,Accessories,Samsung Galaxy A07SM-A07F 6gb | 128gb,USD,8,1,,$127.00,$127.00,$127.00
73,0.,$0.00,1,446,Accessories,Samsung Galaxy A16 SM-A165F 8gb | 256gb,USD,8,1,,$176.00,$176.00,$176.00
74,0.,$0.00,0,767,Accessories,Samsung Galaxy A36 SM-A366B/DS 8gb | 256gb,USD,8,1,,$286.00,$286.00,$286.00
75,0.,$0.00,0,1333,Accessories,Samsung Galaxy ZFLIP 7 512|12GB,USD,9,1,,$890.00,$890.00,$890.00
76,0.,$0.00,1,1096,Accessories,Alfa Line,USD,10,2,,$15.74,$15.74,$7.87
77,0.,$0.00,0,1335,Accessories, Iphone 15 Pro Max USED 256 358525998778173,USD,11,1,,$940.00,$940.00,$940.00
78,0.,$0.00,,1336,Accessories,Stickers Transparent Shape,USD,12,7,,$14.91,$14.91,$2.13
79,0.,$0.00,0,1337,Accessories,Bag Dinosaur Yutong,USD,12,2,,$30.08,$30.08,$15.04
80,0.,$0.00,0,1338,Accessories,Bag kids Unicorn pink,USD,12,2,,$11.70,$11.70,$5.85
81,0.,$0.00,0,1339,Accessories,Bag kids Unicorn purple,USD,12,2,,$11.70,$11.70,$5.85
82,0.,$0.00,0,1340,Accessories,Bag Preppy Ice Cream,USD,12,2,,$29.30,$29.30,$14.65
83,0.,$0.00,0,1341,Accessories,Bag Strawberry 3 pcs,USD,12,1,,$15.04,$15.04,$15.04
84,0.,$0.00,0,1361,Accessories,Magnetic Phone Holder stick,USD,12,48,,$9.60,$9.60,$0.20
85,0.,$0.00,0,1360,Accessories,Transparent File,USD,12,40,,$19.60,$19.60,$0.49
86,0.,$0.00,0,1346,Accessories,Bag Hapni Bear Green Dinosaur,USD,12,2,,$32.68,$32.68,$16.34
87,0.,$0.00,0,1358,Accessories,Bottle Water Small size Happy MUSIC,USD,12,5,,$22.90,$22.90,$4.58
88,0.,$0.00,0,1359,Accessories,Bottle Water Small size Astronot Pink & Blue,USD,12,6,,$35.10,$35.10,$5.85
89,0.,$0.00,0,1353,Accessories,Eraser Macaron Multicolor,USD,12,32,,$11.20,$11.20,$0.35
90,0.,$0.00,0,1354,Accessories,Pencil Stich Blue,USD,12,30,,$12.00,$12.00,$0.40
91,0.,$0.00,0,1355,Accessories,Pencil Stich Teddy Bear,USD,12,30,,$12.00,$12.00,$0.40
92,0.,$0.00,0,1345,Accessories,Bag Dinosaur Yellow,USD,12,2,,$30.06,$30.06,$15.03
93,0.,$0.00,0,1352,Accessories,Ruller Multicolor,USD,12,12,,$5.16,$5.16,$0.43
94,0.,$0.00,0,1351,Accessories,Set Colored Pencil 12 PCS,USD,12,7,,$29.89,$29.89,$4.27
95,0.,$0.00,0,1350,Accessories,Set Colored Pencil 24 PCS,USD,12,5,,$16.35,$16.35,$3.27
96,0.,$0.00,0,1349,Accessories,Note Book A5,USD,12,10,,$15.70,$15.70,$1.57
97,0.,$0.00,0,1348,Accessories,Note Book with ressort,USD,12,8,,$14.00,$14.00,$1.75
98,0.,$0.00,0,1362,Accessories,Mini Bear Fluorescent,USD,12,5,,$1.80,$1.80,$0.36
99,0.,$0.00,0,1357,Accessories,Bottle Water Big size,USD,12,7,,$45.08,$45.08,$6.44
100,0.,$0.00,0,1347,Accessories,Bag Unicorn set 3 pcs pink,USD,12,1,,$15.37,$15.37,$15.37
101,0.,$0.00,0,1356,Accessories,Pencil Pink Heart,USD,12,36,,$18.00,$18.00,$0.50
102,0.,$0.00,0,1344,Accessories,Bag Duck black,USD,12,2,,$22.24,$22.24,$11.12
103,0.,$0.00,0,1365,Accessories,Green Dinosaur With Lunch Bag,USD,12,2,,$35.50,$35.50,$17.75
104,0.,$0.00,0,1364,Accessories,Bag Happy Kids,USD,12,2,,$26.88,$26.88,$13.44
105,0.,$0.00,0,1366,Accessories,Shapper Multicolr,USD,12,16,,$11.20,$11.20,$0.70
106,0.,$0.00,0,1368,Accessories,Speaker 20w F55,USD,13,1,,$38.00,$38.00,$38.00
107,0.,$0.00,0,1367,Accessories,Speaker 40w F58 Dual,USD,13,1,,$65.00,$65.00,$65.00
108,0.,$0.00,0,1369,Accessories,Clutch Bag CB06,USD,13,2,,$19.00,$19.00,$9.50
109,0.,$0.00,0,1096,Accessories,Alfa Line,USD,14,2,,$15.74,$15.74,$7.87
110,0.,$0.00,3,1040,Accessories,"Clear Protection iPad 10 10.9""",USD,15,3,,$6.00,$6.00,$2.00
111,0.,$0.00,4,119,Accessories,Apple Original USB-C to USB-C Charge Cable (1m),USD,15,10,,$80.00,$80.00,$8.00
112,0.,$0.00,0,1370,Accessories,Case Magsafe iPhone 17,USD,15,2,,$6.00,$6.00,$3.00
113,0.,$0.00,0,1379,Accessories,Case Magsafe iPhone 17 AIR,USD,15,2,,$6.00,$6.00,$3.00
114,0.,$0.00,0,1371,Accessories,Case Magsafe iPhone 17 Pro,USD,15,3,,$9.00,$9.00,$3.00
115,0.,$0.00,0,1372,Accessories,Case Magsafe iPhone 17 Pro Max,USD,15,3,,$9.00,$9.00,$3.00
116,0.,$0.00,0,1373,Accessories, Lens iPhone 17,USD,15,5,,$15.00,$15.00,$3.00
117,0.,$0.00,0,1375,Accessories, Lens iPhone 17 AIR,USD,15,4,,$12.00,$12.00,$3.00
118,0.,$0.00,0,1374,Accessories, Lens iPhone 17Pro /17 Pro Max,USD,15,8,,$24.00,$24.00,$3.00
119,0.,$0.00,0,1376,Accessories,Clear Protection iPhone 17,USD,15,20,,$35.00,$35.00,$1.75
120,0.,$0.00,0,1377,Accessories,Clear Protection iPhone 17 Pro,USD,15,20,,$35.00,$35.00,$1.75
121,0.,$0.00,0,1378,Accessories,Clear Protection iPhone 17 Pro Max,USD,15,20,,$35.00,$35.00,$1.75
122,0.,$0.00,0,195,Accessories,Electric Scooter for Kids,USD,15,1,,$145.00,$145.00,$145.00
123,0.,$0.00,0,666,Accessories,Case Samsung A16,USD,15,10,,$12.50,$12.50,$1.25
124,0.,$0.00,5,840,Accessories,Case iPhone 15 Pro,USD,15,7,,$8.75,$8.75,$1.25
125,0.,$0.00,0,1385,Accessories,Watch Screen Protection Bonafies 46mm,USD,16,5,,$12.50,$12.50,$2.50
126,0.,$0.00,7,1025,Accessories,Privacy Protection iPhone 15 Pro Max,USD,16,10,,$15.00,$15.00,$1.50
127,0.,$0.00,7,702,Accessories,Case iPhone 12 Pro,USD,16,5,,$6.25,$6.25,$1.25
128,0.,$0.00,0,655,Accessories,Case Samsung A55,USD,16,4,,$5.00,$5.00,$1.25
129,0.,$0.00,0,1386,Accessories,Case Samsung A73,USD,16,2,,$1.50,$1.50,$0.75
130,0.,$0.00,0,204,Accessories,Fujifulm Instax Mini instant Film 10 Sheets,USD,16,2,,$22.00,$22.00,$11.00
131,0.,$0.00,0,1383,Accessories,FILM Cam with stik,USD,16,5,,$15.00,$15.00,$3.00
132,0.,$0.00,0,1384,Accessories,FILM Cam,USD,16,5,,$12.50,$12.50,$2.50
133,0.,$0.00,0,1380,Accessories,Hoco Laser Pointer GM202,USD,16,4,,$32.00,$32.00,$8.00
134,0.,$0.00,0,1381,Accessories,Wireless Mouse GM14,USD,16,2,,$10.00,$10.00,$5.00
135,0.,$0.00,0,1382,Accessories,Wireless Mouse GM35,USD,16,2,,$13.00,$13.00,$6.50
136,0.,$0.00,0,1387,Accessories,Flip Cover Ipad 10.9,USD,16,2,,$17.00,$17.00,$8.50
137,0.,$0.00,0,1388,Accessories,Flip Cover Ipad AIR 11 2024,USD,16,2,,$17.00,$17.00,$8.50
138,0.,$0.00,0,1327,Accessories,Iqos ILUMA I Midnight Black,USD,17,2,,$104.80,$104.80,$52.40
139,0.,$0.00,0,1389,Accessories,Iqos ILUMA I Breeze Blue,USD,17,1,,$52.40,$52.40,$52.40
140,0.,$0.00,0,1390,Accessories,Iqos ILUMA I Digital Violet,USD,17,1,,$52.40,$52.40,$52.40
141,0.,$0.00,0,1391,Accessories,Iqos ILUMA I VIVID TERRACOTTA,USD,17,1,,$52.40,$52.40,$52.40
142,0.,$0.00,0,1395,Accessories,Terea Beige,USD,18,10,,$22.00,$22.00,$2.20
143,0.,$0.00,0,1393,Accessories,Terea Arbob Pearl,USD,18,10,,$22.00,$22.00,$2.20
144,0.,$0.00,0,1394,Accessories,Terea Summer Wave,USD,18,10,,$22.00,$22.00,$2.20
145,0.,$0.00,0,1300,Accessories,Rallong 3 Ports 3 USB 2.0,USD,19,3,,$16.50,$16.50,$5.50
146,0.,$0.00,0,1396,Accessories,Extension USB Cable 1.5m,USD,19,1,,$1.50,$1.50,$1.50
147,0.,$0.00,0,1397,Accessories,Optical Cable 1.5m,USD,19,2,,$7.00,$7.00,$3.50
148,0.,$0.00,0,1398,Accessories,SVGA Cable 1.5M,USD,19,5,,$10.00,$10.00,$2.00
149,0.,$0.00,0,1399,Accessories,HDMI Cable 1.5M,USD,19,5,,$12.50,$12.50,$2.50
150,0.,$0.00,0,1400,Accessories,Net Cable 1.5M,USD,19,5,,$7.50,$7.50,$1.50
151,0.,$0.00,0,1402,Accessories,Adapter Power Cable 1.5,USD,19,2,,$4.00,$4.00,$2.00
152,0.,$0.00,2,219,Accessories,He-Link PC Power Cable 1.5,USD,19,2,,$3.00,$3.00,$1.50
153,0.,$0.00,0,1403,Accessories,Tools Net,USD,19,1,,$9.00,$9.00,$9.00
154,0.,$0.00,0,1404,Accessories,Type C to Sata,USD,19,1,,$3.50,$3.50,$3.50
155,0.,$0.00,0,1405,Accessories,USBC to Sata,USD,19,1,,$3.00,$3.00,$3.00
156,0.,$0.00,0,1406,Accessories,Adapter AC/DC 12v,USD,19,3,,$10.50,$10.50,$3.50
157,0.,$0.00,0,1407,Accessories,Type C to Hub,USD,19,1,,$5.50,$5.50,$5.50
158,0.,$0.00,0,1408,Accessories,USB To Hub,USD,19,1,,$4.50,$4.50,$4.50
159,0.,$0.00,0,1409,Accessories,MP4 CABLE,USD,19,1,,$1.50,$1.50,$1.50
160,0.,$0.00,0,1410,Accessories,HONOR PAD X7,USD,20,2,,$158.00,$158.00,$79.00
161,0.,$0.00,0,1414,Accessories,CAT 6 CABLE NET,USD,21,50,,$49.00,$49.00,$0.98
162,0.,$0.00,0,1413,Accessories,Wireless 11N USB ADAPTER,USD,21,4,,$18.00,$18.00,$4.50
163,0.,$0.00,0,1415,Accessories,PLUGS INTERNET,USD,21,1000,,$34.00,$34.00,$0.34
164,0.,$0.00,0,1411,Accessories,Samsung Galaxy A17 SM-A175F 4gb | 128gb,USD,22,1,,$162.00,$162.00,$162.00
165,0.,$0.00,0,1412,Accessories,Samsung Galaxy A17 SM-A175F 8gb | 256gb,USD,22,1,,$219.00,$219.00,$219.00
166,0.,$0.00,0,768,Accessories,Samsung Galaxy A56 SM-A566B/DS 8gb | 256gb,USD,22,2,,$720.00,$720.00,$360.00
167,0.,$0.00,0,1416,Accessories,FULL CHARGER USBC TO IP C143A,USD,23,10,,$35.00,$35.00,$3.50
168,0.,$0.00,1,120,Accessories,Apple Original USB-C to IP Cable(1m),USD,23,10,,$80.00,$80.00,$8.00
169,0.,$0.00,5,993,Accessories,Clear Protection iPhone 15 Pro,USD,23,10,,$15.00,$15.00,$1.50
170,0.,$0.00,0,1420,Accessories,IQOS ILUMA I ONE LEAF GREEN,USD,24,1,,$32.00,$32.00,$32.00
171,0.,$0.00,0,1421,Accessories,IQOS ILUMA I ONE MIDNIGHT BLACK,USD,24,1,,$32.00,$32.00,$32.00
172,0.,$0.00,0,1417,Accessories,Case iPhone 17 Pro Max X-LEVEL,USD,25,3,,$27.00,$27.00,$9.00
173,0.,$0.00,0,1418,Accessories,Case iPhone 17 X-LEVEL,USD,25,2,,$18.00,$18.00,$9.00
174,0.,$0.00,0,1419,Accessories,Case iPhone 17 Pro X-LEVEL,USD,25,3,,$27.00,$27.00,$9.00
175,0.,$0.00,24,953,Accessories,Clear Protection Samsung A16,USD,25,10,,$7.00,$7.00,$0.70
176,0.,$0.00,1,1329,Accessories,XO-BCC08 CAR MP3 CHARGER,USD,26,5,,$35.00,$35.00,$7.00
177,0.,$0.00,0,1369,Accessories,Clutch Bag CB06,USD,26,3,,$28.50,$28.50,$9.50
178,0.,$0.00,0,1181,Accessories,Henin H7,USD,26,1,,$16.00,$16.00,$16.00
179,0.,$0.00,0,1096,Accessories,Alfa Line,USD,27,2,,$15.74,$15.74,$7.87
180,0.,$0.00,0,1422,Accessories,Case iPhone 17,USD,28,4,,$10.00,$10.00,$2.50
181,0.,$0.00,0,1423,Accessories,Case iPhone 17 Pro,USD,28,4,,$10.00,$10.00,$2.50
182,0.,$0.00,0,1424,Accessories,Case iPhone 17 Pro max,USD,28,4,,$10.00,$10.00,$2.50
183,0.,$0.00,0,417,Accessories,PS5 1Terra,USD,29,1,,$525.00,$525.00,$525.00
184,0.,$0.00,0,1425,Accessories,Apple Original Airpods Pro 3,USD,30,1,,$275.00,$275.00,$275.00
185,0.,$0.00,0,1096,Accessories,Alfa Line,USD,31,3,,$23.61,$23.61,$7.87
186,0.,$0.00,12,918,Accessories,Terea Silver,USD,32,40,,$90.00,$90.00,$2.25
187,0.,$0.00,12,924,Accessories,Terea Sienna,USD,32,50,,$112.50,$112.50,$2.25
188,0.,$0.00,37,917,Accessories,Terea Turquoise,USD,32,30,,$67.50,$67.50,$2.25
189,0.,$0.00,20,922,Accessories,Terea Purple,USD,32,20,,$47.00,$47.00,$2.35
190,0.,$0.00,13,919,Accessories,Terea Yellow,USD,32,10,,$22.50,$22.50,$2.25
191,0.,$0.00,0,1393,Accessories,Terea Arbob Pearl,USD,32,10,,$22.50,$22.50,$2.25
192,0.,$0.00,7,1180,Accessories,Delia Classic Gold,USD,32,10,,$16.40,$16.40,$1.64
193,0.,$0.00,0,1304,Accessories,iPhone 16 Pro 2 56 GB,USD,33,1,,"$1,250.00","$1,250.00","$1,250.00"
194,0.,$0.00,1,195,Accessories,Electric Scooter for Kids,USD,34,1,,$145.00,$145.00,$145.00
195,0.,$0.00,0,1428,Accessories,EXTREMELY FAST Cooling GM-76,USD,35,1,,$9.00,$9.00,$9.00
196,0.,$0.00,0,1427,Accessories,Hoco Smart Watch - Y30,USD,35,1,,$15.00,$15.00,$15.00
197,0.,$0.00,10,529,Accessories,Watch Band 42 | 44 | 45 | 49 MM,USD,35,1,,$1.50,$1.50,$1.50
198,0.,$0.00,0,1426,Accessories,Apple Watch Charge  AAA usb -c,USD,35,1,,$15.00,$15.00,$15.00
199,0.,$0.00,0,1433,Accessories,Car Holder 360 Degree KSC-1496,USD,36,2,,$8.00,$8.00,$4.00
200,0.,$0.00,0,1432,Accessories,Led Lamp,USD,36,2,,$24.00,$24.00,$12.00
201,0.,$0.00,0,1431,Accessories,Stable Support HD10,USD,36,1,,$10.00,$10.00,$10.00
202,0.,$0.00,0,1434,Accessories,Borofone Magnetic Phone Holder BH8,USD,36,2,,$8.00,$8.00,$4.00
203,0.,$0.00,0,1437,Accessories,Hoco Car Phone Holder H48,USD,36,2,,$10.00,$10.00,$5.00
204,0.,$0.00,0,1436,Accessories,Hoco CA86 In-Car Phone Holder,USD,36,1,,$4.50,$4.50,$4.50
205,0.,$0.00,0,1442,Accessories,Hoco X37 USBC to iPhone,USD,37,10,,$37.50,$37.50,$3.75
206,0.,$0.00,0,1443,Accessories,Hoco X37 USBC to C,USD,37,10,,$37.50,$37.50,$3.75
207,0.,$0.00,0,1440,Accessories,Hoco X107 Anti-Bending USB to Type-C,USD,37,10,,$17.50,$17.50,$1.75
208,0.,$0.00,0,1439,Accessories,Hoco X107 Anti-Bending USB to iPhone,USD,37,10,,$17.50,$17.50,$1.75
209,0.,$0.00,0,1444,Accessories,Clear Case Samsung A07,USD,37,20,,$20.00,$20.00,$1.00
210,0.,$0.00,0,1445,Accessories,Clear Case Samsung A17,USD,37,20,,$20.00,$20.00,$1.00
211,0.,$0.00,9,663,Accessories,Case Samsung A26,USD,37,30,,$45.00,$45.00,$1.50
212,0.,$0.00,8,670,Accessories,Clear Case Samsung A06,USD,37,10,,$10.00,$10.00,$1.00
213,0.,$0.00,1,1209,Accessories,Clear Case Samsung S24,USD,37,7,,$5.25,$5.25,$0.75
214,0.,$0.00,2,866,Accessories,Clear Case Samsung A36 A56,USD,37,20,,$15.00,$15.00,$0.75
215,0.,$0.00,2,866,Accessories,Clear Case Samsung A36 A56,USD,37,20,,$15.00,$15.00,$0.75
216,0.,$0.00,6,1050,Accessories,Clear Case Samsung A16,USD,37,10,,$7.50,$7.50,$0.75
217,0.,$0.00,0,1059,Accessories,Clear Case iPhone 15,USD,37,8,,$6.00,$6.00,$0.75
218,0.,$0.00,2,1058,Accessories,Clear Case iPhone 15 Pro,USD,37,10,,$7.50,$7.50,$0.75
219,0.,$0.00,10,701,Accessories,Case iPhone 12 Pro Max,USD,37,4,,$5.00,$5.00,$1.25
220,0.,$0.00,10,701,Accessories,Case iPhone 12 Pro Max,USD,37,4,,$5.00,$5.00,$1.25
221,0.,$0.00,1,694,Accessories,Case iPhone 14,USD,37,8,,$10.00,$10.00,$1.25
222,0.,$0.00,4,837,Accessories,Case iPhone 16 Pro,USD,37,4,,$5.00,$5.00,$1.25
223,0.,$0.00,4,836,Accessories,Case iPhone 16 Pro Max,USD,37,4,,$5.00,$5.00,$1.25
224,0.,$0.00,3,839,Accessories,Case iPhone 15 Pro Max,USD,37,4,,$5.00,$5.00,$1.25
225,0.,$0.00,8,697,Accessories,Case iPhone 13 Pro,USD,37,1,,$1.25,$1.25,$1.25
226,0.,$0.00,0,1448,Accessories,Hoco AirPods Pro 2 EQ21 ANC+ENC,USD,37,1,,$16.00,$16.00,$16.00
227,0.,$0.00,0,1446,Accessories,Hoco AirPods Pro 2 EQ22 ANC+ENC,USD,37,2,,$30.00,$30.00,$15.00
228,0.,$0.00,0,635,Accessories,AirPods Pro 2nd Generation,USD,37,3,,$54.00,$54.00,$18.00
229,0.,$0.00,0,1447,Accessories,Green Lion Earbuds 4,USD,37,1,,$14.00,$14.00,$14.00
230,0.,$0.00,4,455,Accessories,Samsung Charger 45W PD Adapter C to C,USD,37,5,,$40.00,$40.00,$8.00
231,0.,$0.00,0,451,Accessories,Samsung Original Cable Fast Charging Type-C to Type-C,USD,37,10,,$80.00,$80.00,$8.00
232,0.,$0.00,0,1449,Accessories,Apple Watch Se 40mm black,USD,38,1,,$183.00,$183.00,$183.00
233,0.,$0.00,0,1450,Accessories,Samsung Galaxy A07SM-A07F 4gb | 64gb,USD,38,1,,$95.00,$95.00,$95.00
234,0.,$0.00,0,1331,Accessories,Samsung Galaxy A07SM-A07F 4gb | 128gb,USD,38,2,,$216.00,$216.00,$108.00
235,0.,$0.00,0,1096,Accessories,Alfa Line,USD,39,3,,$23.61,$23.61,$7.87
236,0.,$0.00,0,1438,Accessories,Car Holder Metal Support F72,USD,40,5,,$25.00,$25.00,$5.00
237,0.,$0.00,3,142,Accessories,Borofone USBC to Aux Cable BL19,USD,40,10,,$35.00,$35.00,$3.50
238,0.,$0.00,3,590,Accessories,Borofone iPhone to Aux Cable BL19,USD,40,10,,$35.00,$35.00,$3.50
239,0.,$0.00,2,997,Accessories,Clear Protection iPhone 16,USD,40,10,,$15.00,$15.00,$1.50
240,0.,$0.00,3,988,Accessories,Clear Protection Samsung S25 Ultra,USD,40,5,,$7.50,$7.50,$1.50
241,0.,$0.00,4,985,Accessories,Clear Protection Samsu ng S23 Ultra,USD,40,5,,$7.50,$7.50,$1.50
242,0.,$0.00,1,871,Accessories,Case MagSafe Original iPhone 15 Pro,USD,40,3,,$15.00,$15.00,$5.00
243,0.,$0.00,8,666,Accessories,Case Samsung A16,USD,40,10,,$15.00,$15.00,$1.50
244,0.,$0.00,21,918,Accessories,Terea Silver,USD,41,10,,$23.70,$23.70,$2.37
245,0.,$0.00,0,924,Accessories,Terea Sienna,USD,41,20,,$46.40,$46.40,$2.32
246,0.,$0.00,62,917,Accessories,Terea Turquoise,USD,41,20,,$46.40,$46.40,$2.32
247,0.,$0.00,0,1454,Accessories,MaxMate Power Bank 10000 mah PD20 + Wireless 15w,USD,42,4,,$76.00,$76.00,$19.00
248,0.,$0.00,0,415,Accessories,PS4 Dual Shock 4 Wireless Controller SONY - Big Box,USD,42,4,,$48.00,$48.00,$12.00
249,0.,$0.00,0,382,Accessories,Original Apple IP to Headphone Jack Adapter,USD,42,6,,$54.00,$54.00,$9.00
250,0.,$0.00,0,1457,Accessories,5IN1 Converter USB-C HB50 4K,USD,42,4,,$60.00,$60.00,$15.00
251,0.,$0.00,0,1455,Accessories,Modem LTE Wireless Modem Wifi Pro 300Mbps,USD,42,4,,$136.00,$136.00,$34.00
252,0.,$0.00,0,1459,Accessories,IPAD 9.7 (2017/2018),USD,42,1,,$7.00,$7.00,$7.00
253,0.,$0.00,0,1458,Accessories,Clear Case MagSafe Original iPhone 12 Pro Max,USD,42,1,,$5.00,$5.00,$5.00
254,0.,$0.00,2,1387,Accessories,Flip Cover Ipad 10.9,USD,42,3,,$28.50,$28.50,$9.50
255,0.,$0.00,1,1420,Accessories,IQOS ILUMA I ONE LEAF GREEN,USD,43,1,,$30.00,$30.00,$30.00
256,0.,$0.00,0,1460,Accessories,Airpods Stitch,USD,44,5,,$40.00,$40.00,$8.00
257,0.,$0.00,0,1461,Accessories,MaxPower Speaker MPD474,USD,44,2,,$30.00,$30.00,$15.00
258,0.,$0.00,1,125,Accessories,Astronaut Star Light White,USD,45,2,,$30.00,$30.00,$15.00
259,0.,$0.00,1,1199,Accessories,Astronaut Galaxy Nighlight Projector,USD,45,2,,$28.00,$28.00,$14.00
260,0.,$0.00,0,1462,Accessories,Samsung Buds 3,USD,46,1,,$63.00,$63.00,$63.00
261,0.,$0.00,0,1463,Accessories,Samsung Buds Pro 3,USD,46,1,,$93.00,$93.00,$93.00
262,0.,$0.00,1,1331,Accessories,Samsung Galaxy A07SM-A07F 4gb | 128gb,USD,46,1,,$108.00,$108.00,$108.00
263,0.,$0.00,0,1332,Accessories,Samsung Galaxy A07SM-A07F 6gb | 128gb,USD,46,1,,$120.00,$120.00,$120.00
264,0.,$0.00,0,1412,Accessories,Samsung Galaxy A17 SM-A175F 8gb | 256gb,USD,46,1,,$214.00,$214.00,$214.00
265,0.,$0.00,1,1369,Accessories,Clutch Bag CB06,USD,47,3,,$28.50,$28.50,$9.50
266,0.,$0.00,0,1464,Accessories,TELZEAL WH-04 PRO,USD,47,1,,$24.00,$24.00,$24.00
267,0.,$0.00,0,1465,Accessories,TELZEAL WH-05,USD,47,1,,$23.00,$23.00,$23.00
268,0.,$0.00,0,1466,Accessories,TELZEAL T7,USD,47,1,,$26.00,$26.00,$26.00
269,0.,$0.00,0,1467,Accessories,TELZEAL T6,USD,47,1,,$22.00,$22.00,$22.00
270,0.,$0.00,0,1468,Accessories,TELZEAL S11 PRO MAX,USD,47,2,,$50.00,$50.00,$25.00
271,0.,$0.00,0,633,Accessories,Kingston Data Traveler Exodia Onyx 64 GB USB 3.2,USD,48,3,,$15.00,$15.00,$5.00
272,0.,$0.00,0,592,Accessories,Kingston Data Traveler Exodia Onyx 128 GB USB 3.2,USD,48,3,,$19.50,$19.50,$6.50
273,0.,$0.00,0,568,Accessories,Mini UPS for Router SKE 8800,USD,48,2,,$26.00,$26.00,$13.00
274,0.,$0.00,0,1425,Accessories,Apple Original Airpods Pro 3,USD,49,1,,$275.00,$275.00,$275.00
275,0.,$0.00,0,1258,Accessories,Airpods 4 with ANC,USD,49,1,,$160.00,$160.00,$160.00
276,0.,$0.00,0,417,Accessories,PS5 1Terra,USD,50,1,,$518.00,$518.00,$518.00
277,0.,$0.00,0,1181,Accessories,Henin H7,USD,50,1,,$16.00,$16.00,$16.00
278,0.,$0.00,0,1469,Accessories,JBL Speaker Clip 5 Original,USD,51,4,,$172.00,$172.00,$43.00
279,0.,$0.00,0,1470,Accessories,JBL Speaker GO 4 Original,USD,51,4,,$136.00,$136.00,$34.00
280,0.,$0.00,0,1471,Accessories,Airpods Pro 3 Silicone Case,USD,52,6,,$15.00,$15.00,$2.50
281,0.,$0.00,0,1472,Accessories,FAN LED digital display fan,USD,52,2,,$11.00,$11.00,$5.50
282,0.,$0.00,0,1478,Accessories, Luminos screen Protector Samsung S20 Ultra,USD,52,5,,$8.75,$8.75,$1.75
283,0.,$0.00,0,1473,Accessories,CASE.MATE CASE S25 Ultra,USD,52,5,,$17.50,$17.50,$3.50
284,0.,$0.00,0,1474,Accessories,CASE ZFLIP 5 FLAAG SHIP,USD,52,1,,$5.50,$5.50,$5.50
285,0.,$0.00,0,1477,Accessories,YM200 CAMERA Ring Light Video RIG,USD,52,2,,$30.00,$30.00,$15.00
286,0.,$0.00,0,1476,Accessories,Portable Ringlight k29 super bright,USD,52,2,,$15.00,$15.00,$7.50
287,0.,$0.00,0,1475,Accessories,Portable Ringlight k28,USD,52,2,,$10.00,$10.00,$5.00
288,0.,$0.00,0,1273,Accessories,Baofeng Talkie Walkie BF-888S,USD,53,3,,$63.00,$63.00,$21.00
289,0.,$0.00,0,509,Accessories,TP-Link 300Mbps Wi-fi Range Extender TL-WA850RE,USD,53,2,,$33.00,$33.00,$16.50
290,0.,$0.00,0,519,Accessories,Tripod Professional Camera Tripod 3366T,USD,53,2,,$17.00,$17.00,$8.50
291,0.,$0.00,0,1480,Accessories,Ringlight mini U20,USD,53,2,,$4.50,$4.50,$2.25
292,0.,$0.00,0,1130,Accessories,Portable Mini Fan,USD,53,1,,$2.25,$2.25,$2.25
293,0.,$0.00,,1481,Accessories,Iphone 15 256 gb 358506531124448,USD,54,1,,$670.00,$670.00,$670.00
294,0.,$0.00,0,1463,Accessories,Samsung Buds Pro 3,USD,54,1,,$95.00,$95.00,$95.00
295,0.,$0.00,0,1258,Accessories,Airpods 4 with ANC,USD,54,1,,$158.00,$158.00,$158.00
296,0.,$0.00,0,1483,Accessories,Samsung Watch 7 Band,USD,55,7,,$19.25,$19.25,$2.75
297,0.,$0.00,0,1484,Accessories,Samsung Watch 8 Band,USD,55,7,,$19.25,$19.25,$2.75
298,0.,$0.00,0,1482,Accessories,Fast Charging cable 65w/27w,USD,56,10,,$10.00,$10.00,$1.00
299,0.,$0.00,10,917,Accessories,Terea Turquoise,USD,57,20,,$48.40,$48.40,$2.42
300,0.,$0.00,11,922,Accessories,Terea Purple,USD,57,10,,$24.20,$24.20,$2.42
301,0.,$0.00,0,920,Accessories,Terea Sun Pearl,USD,57,10,,$24.20,$24.20,$2.42
302,0.,$0.00,0,1485,Accessories,T11 Wireless Mouse,USD,58,4,,$15.00,$15.00,$3.75
303,0.,$0.00,0,1487,Accessories,Case iPhone 15 SID,USD,59,6,,$7.50,$7.50,$1.25
304,0.,$0.00,0,1486,Accessories,Case iPhone 15,USD,59,6,,$7.50,$7.50,$1.25
305,0.,$0.00,0,1495,Accessories,Phone Pholding Stand,USD,59,5,,$6.25,$6.25,$1.25
306,0.,$0.00,0,1494,Accessories,Case Protect Buds Pro 3,USD,59,4,,$10.00,$10.00,$2.50
307,0.,$0.00,0,1496,Accessories,Phone Holder Universal Bracket YC-016,USD,59,4,,$12.00,$12.00,$3.00
308,0.,$0.00,0,1497,Accessories,Watch Protection Clear Samsung 7 & 8,USD,59,10,,$20.00,$20.00,$2.00
309,0.,$0.00,6,1137,Accessories,Clear Protection iPhone 15 Pro Max,USD,59,10,,$7.50,$7.50,$0.75
310,0.,$0.00,0,1488,Accessories,Magnetic Case s25 ultra,USD,60,4,,$18.00,$18.00,$4.50
311,0.,$0.00,0,1490,Accessories,Creative Case FOLD 7,USD,60,2,,$17.00,$17.00,$8.50
312,0.,$0.00,0,1489,Accessories,Creative Case ZFLIP 7,USD,60,1,,$8.50,$8.50,$8.50
313,0.,$0.00,0,1491,Accessories,Water Cup K800,USD,60,2,,$13.00,$13.00,$6.50
314,0.,$0.00,0,1492,Accessories,Selfie Stick L20,USD,60,2,,$25.00,$25.00,$12.50
315,0.,$0.00,0,1493,Accessories,Car Mounted Water Cup Holder,USD,60,2,,$10.00,$10.00,$5.00
316,0.,$0.00,0,1096,Accessories,Alfa Line,USD,61,2,,$15.74,$15.74,$7.87
317,0.,$0.00,0,331,Accessories,Kit Bonds By Iqos Ocean Blue 1.6,USD,62,1,,$19.00,$19.00,$19.00
318,0.,$0.00,0,329,Accessories,Kit Bonds By Iqos Cosmic Black 1.6,USD,62,2,,$38.00,$38.00,$19.00
319,0.,$0.00,0,330,Accessories,Kit Bonds By Iqos Ruby Red 1.6,USD,62,1,,$20.00,$20.00,$20.00
320,0.,$0.00,0,1420,Accessories,IQOS ILUMA I ONE LEAF GREEN,USD,62,1,,$30.00,$30.00,$30.00
321,0.,$0.00,0,1421,Accessories,IQOS ILUMA I ONE MIDNIGHT BLACK,USD,62,2,,$60.00,$60.00,$30.00
322,0.,$0.00,10,920,Accessories,Terea Sun Pearl,USD,63,10,,$24.20,$24.20,$2.42
323,0.,$0.00,5,918,Accessories,Terea Silver,USD,64,10,,$25.20,$25.20,$2.52
324,0.,$0.00,13,922,Accessories,Terea Purple,USD,64,10,,$24.20,$24.20,$2.42
325,0.,$0.00,0,1498,Accessories,Led Lithium Eye Protection 1960,USD,65,1,,$15.00,$15.00,$15.00
326,0.,$0.00,0,1499,Accessories,Led Desk Lamp VC009,USD,65,2,,$38.00,$38.00,$19.00
327,0.,$0.00,0,1500,Accessories,Led Digad 1924,USD,65,1,,$14.00,$14.00,$14.00
328,0.,$0.00,0,1501,Accessories,Led Cosmetic Mirror,USD,65,2,,$36.00,$36.00,$18.00
329,0.,$0.00,0,1504,Accessories,Scale UAKEEN ZL-2902,USD,65,1,,$13.00,$13.00,$13.00
330,0.,$0.00,0,1503,Accessories,4in1 Mobile Game Combo Pack,USD,65,1,,$19.00,$19.00,$19.00
331,0.,$0.00,0,578,Accessories,Hoco laptop stand PH52 Aluminium Allow,USD,65,1,,$12.00,$12.00,$12.00
332,0.,$0.00,0,1502,Accessories,Laptop Stand MX-VS54,USD,65,2,,$18.00,$18.00,$9.00
333,0.,$0.00,1,125,Accessories,Astronaut Star Light White,USD,66,6,,$90.00,$90.00,$15.00
334,0.,$0.00,0,1510,Accessories,Anker 2in1 Clutter-Free Car Charger PAP 21,USD,66,1,,$25.00,$25.00,$25.00
335,0.,$0.00,0,1505,Accessories,Apple Original USB-C 40W Power Adapter,USD,66,10,,$220.00,$220.00,$22.00
336,0.,$0.00,5,120,Accessories,Apple Original USB-C to IP Cable(1m),USD,66,10,,$80.00,$80.00,$8.00
337,0.,$0.00,2,1454,Accessories,MaxMate Power Bank 10000 mah PD20 + Wireless 15w,USD,66,6,,$114.00,$114.00,$19.00
338,0.,$0.00,3,1203,Accessories,Charger Tranyo 20 W T-EU7C USB-C,USD,66,15,,$52.50,$52.50,$3.50
339,0.,$0.00,0,1204,Accessories,Charger Tranyo 20 W T-EU7L iPhone,USD,66,15,,$52.50,$52.50,$3.50
340,0.,$0.00,0,1506,Accessories,TRANYO USBC to iPhone T-S131,USD,66,15,,$22.50,$22.50,$1.50
341,0.,$0.00,0,1507,Accessories,TRANYO USBC to C T-S13 C,USD,66,15,,$22.50,$22.50,$1.50
342,0.,$0.00,0,1508,Accessories,TRANYO USBC to MICRO T-S13 V,USD,66,15,,$22.50,$22.50,$1.50
343,0.,$0.00,5,988,Accessories,Clear Protection Samsung S25 Ultra,USD,66,5,,$8.75,$8.75,$1.75
344,0.,$0.00,7,982,Accessories,Clear Protection Samsung S24 Ultra,USD,66,5,,$8.75,$8.75,$1.75
345,0.,$0.00,0,1245,Accessories,Clear Protection Samsung S22 Ultra Curved Full Glue,USD,66,5,,$8.75,$8.75,$1.75
346,0.,$0.00,0,1509,Accessories,Borofone C to Ip 2m BX18,USD,66,1,,$3.25,$3.25,$3.25
347,0.,$0.00,0,321,Accessories,Kieslect Ks Mini Smart Watch,USD,67,1,,$23.75,$23.75,$23.75
348,0.,$0.00,0,582,Accessories,Kieslect Ks 3 Elite,USD,67,1,,$55.10,$55.10,$55.10
349,0.,$0.00,0,1511,Accessories,Kieslect KS2 Smart Watch,USD,67,1,,$52.25,$52.25,$52.25
350,0.,$0.00,0,1096,Accessories,Alfa Line,USD,68,2,,$15.74,$15.74,$7.87
351,0.,$0.00,1,918,Accessories,Terea Silver,USD,69,20,,$52.40,$52.40,$2.62
352,0.,$0.00,17,922,Accessories,Terea Purple,USD,69,10,,$25.50,$25.50,$2.55
353,0.,$0.00,5,923,Accessories,Terea Amber,USD,69,10,,$24.20,$24.20,$2.42
354,0.,$0.00,20,917,Accessories,Terea Turquoise,USD,69,20,,$48.40,$48.40,$2.42
355,0.,$0.00,2,919,Accessories,Terea Yellow,USD,69,10,,$24.20,$24.20,$2.42
356,0.,$0.00,0,1463,Accessories,Samsung Buds Pro 3,USD,70,1,,$95.00,$95.00,$95.00
357,0.,$0.00,0,1512,Accessories,Iphone 15 256 GB 358506531060196,USD,70,1,,$670.00,$670.00,$670.00
358,0.,$0.00,0,1167,Accessories,Airpods 4 No ANC,USD,70,1,,$104.00,$104.00,$104.00
359,0.,$0.00,0,1331,Accessories,Samsung Galaxy A07SM-A07F 4gb | 128gb,USD,70,2,,$196.00,$196.00,$98.00
360,0.,$0.00,0,1513,Accessories,Iphone 17 PRO E-SIM 256 GB 358506531060196,USD,70,1,,"$1,375.00","$1,375.00","$1,375.00"
361,0.,$0.00,1,1531,Accessories,14 pro Max Used 256gb IME 350321538624285,USD,71,1,,$480.00,$480.00,$480.00
362,0.,$0.00,0,1096,Accessories,Alfa Line,USD,72,2,,$15.74,$15.74,$7.87
363,0.,$0.00,0,1532,Accessories,IQOS ILUMA I ONE Digital Violet,USD,73,1,,$30.00,$30.00,$30.00
364,0.,$0.00,0,1533,Accessories,IQOS ILUMA I ONE BREEZE BLUE,USD,73,1,,$30.00,$30.00,$30.00
365,0.,$0.00,0,1389,Accessories,Iqos ILUMA I Breeze Blue,USD,73,1,,$55.00,$55.00,$55.00
366,0.,$0.00,0,1328,Accessories,Iqos ILUMA I Leaf Green,USD,73,1,,$55.00,$55.00,$55.00
367,0.,$0.00,2,1421,Accessories,IQOS ILUMA I ONE MIDNIGHT BLACK,USD,73,1,,$30.00,$30.00,$30.00
368,0.,$0.00,0,1390,Accessories,Iqos ILUMA I Digital Violet,USD,73,1,,$55.00,$55.00,$55.00
369,0.,$0.00,1,1420,Accessories,IQOS ILUMA I ONE LEAF GREEN,USD,73,1,,$30.00,$30.00,$30.00
370,0.,$0.00,0,1535,Accessories,Led Light Kit Pro 600,USD,74,1,,$39.00,$39.00,$39.00
371,0.,$0.00,2,118,Accessories,Apple Original USB-C 20W Power Adapter,USD,74,10,,$190.00,$190.00,$19.00
372,0.,$0.00,1,1208,Accessories,Smartphone Magnetic Neck Holder Telesin,USD,74,2,,$44.00,$44.00,$22.00
373,0.,$0.00,0,1537,Accessories,Headset kids,USD,74,7,,$56.00,$56.00,$8.00
374,0.,$0.00,0,1538,Accessories,Fast Push Game Console,USD,74,6,,$30.00,$30.00,$5.00
375,0.,$0.00,0,1539,Accessories,Drone E88 AIR Aerial Photo,USD,74,3,,$120.00,$120.00,$40.00
376,0.,$0.00,0,1540,Accessories,Apple Pencil Tips,USD,74,3,,$55.50,$55.50,$18.50
377,0.,$0.00,0,1541,Accessories,P15MINI MINI GRIP QUADRIPOD,USD,74,5,,$55.00,$55.00,$11.00
378,0.,$0.00,0,1542,Accessories,Speaker BT 12 INCH 2Q12121,USD,74,2,,$120.00,$120.00,$60.00
379,0.,$0.00,0,1543,Accessories,Video Making kit PK-772,USD,74,1,,$13.00,$13.00,$13.00
380,0.,$0.00,0,1544,Accessories,Video Making kit PK-771,USD,74,1,,$12.00,$12.00,$12.00
381,0.,$0.00,0,1545,Accessories,Video Making kit PK-777,USD,74,1,,$20.00,$20.00,$20.00
382,0.,$0.00,0,1546,Accessories,Video Making kit PK-778,USD,74,1,,$20.00,$20.00,$20.00
383,0.,$0.00,0,1547,Accessories,Selfie Stick 3IN1 M5 PRO,USD,74,1,,$16.00,$16.00,$16.00
384,0.,$0.00,0,1548,Accessories,Live Broadcast Stand LIVE-K9 pro,USD,74,1,,$19.00,$19.00,$19.00
385,0.,$0.00,0,1549,Accessories,Led Light 7w VL-06,USD,74,1,,$16.00,$16.00,$16.00
386,0.,$0.00,0,1549,Accessories,Led Light 7w VL-06,USD,74,1,,$17.00,$17.00,$17.00
387,0.,$0.00,0,1551,Accessories, Case Unique Classic Fit Iphone 11,USD,74,10,,$27.50,$27.50,$2.75
388,0.,$0.00,0,1553,Accessories, Case Unique Classic Fit Iphone 12 Pro Max,USD,74,10,,$27.50,$27.50,$2.75
389,0.,$0.00,0,1554,Accessories, Case Unique Classic Fit Iphone 13 Pro Max,USD,74,10,,$27.50,$27.50,$2.75
390,0.,$0.00,0,1555,Accessories, Case Unique Classic Fit Iphone 14 Pro Max,USD,74,5,,$13.75,$13.75,$2.75
391,0.,$0.00,0,1556,Accessories, Case Unique Classic Fit Iphone 15 Pro Max,USD,74,10,,$27.50,$27.50,$2.75
392,0.,$0.00,0,1557,Accessories, Case Unique Classic Fit Iphone 16 Pro Max,USD,74,10,,$27.50,$27.50,$2.75
393,0.,$0.00,0,1560,Accessories, Case Unique Classic Fit Iphone 17,USD,74,3,,$10.50,$10.50,$3.50
394,0.,$0.00,0,1559,Accessories, Case Unique Classic Fit Iphone 17 Pro,USD,74,6,,$21.00,$21.00,$3.50
395,0.,$0.00,0,1558,Accessories, Case Unique Classic Fit Iphone 17 Pro Max,USD,74,7,,$24.50,$24.50,$3.50
396,0.,$0.00,0,1552,Accessories, Case Unique Classic Fit Iphone 11 Pro Max,USD,75,10,,$27.50,$27.50,$2.75
397,0.,$0.00,0,1561,Accessories,Iphone 17 Pro Max 256 EID 357610215590584,USD,76,1,,"$1,580.00","$1,580.00","$1,580.00"
398,0.,$0.00,0,1562,Accessories,Iphone 15 Pro Max 256 IME 356616942377691,USD,77,1,,$820.00,$820.00,$820.00
399,0.,$0.00,0,1563,Accessories,Iphone 16 Pro Max 256gb IME,USD,78,1,,"$1,050.00","$1,050.00","$1,050.00"
400,0.,$0.00,0,1564,Accessories,Iphone 17 Pro Max 256 EID 350132461699644,USD,79,1,,"$1,580.00","$1,580.00","$1,580.00"
401,0.,$0.00,0,1565,Accessories,Samsung Galaxy FOLD 7 12gb | 256gb IME 350181975112206,USD,80,1,,"$1,663.00","$1,663.00","$1,663.00"
402,0.,$0.00,0,768,Accessories,Samsung Galaxy A56 SM-A566B/DS 8gb | 256gb,USD,80,1,,$351.00,$351.00,$351.00
403,0.,$0.00,1,1332,Accessories,Samsung Galaxy A07SM-A07F 6gb | 128gb,USD,80,1,,$110.00,$110.00,$110.00
404,0.,$0.00,0,1566,Accessories,Samsung Buds 3FE RFAY9043DTW,USD,80,1,,$96.00,$96.00,$96.00
405,0.,$0.00,0,918,Accessories,Terea Silver,USD,81,20,,$52.40,$52.40,$2.62
406,0.,$0.00,7,917,Accessories,Terea Turquoise,USD,81,20,,$50.40,$50.40,$2.52
407,0.,$0.00,16,922,Accessories,Terea Purple,USD,81,10,,$26.20,$26.20,$2.62
408,0.,$0.00,2,1179,Accessories,Delia Classic Silver,USD,81,10,,$16.80,$16.80,$1.68
409,0.,$0.00,3,400,Accessories,Panasonic CR2032,USD,82,10,,$15.00,$15.00,$1.50
410,0.,$0.00,2,397,Accessories,Panasonic CR1632,USD,82,10,,$20.00,$20.00,$2.00
411,0.,$0.00,1,394,Accessories,Panasonic CR1220,USD,82,14,,$28.00,$28.00,$2.00
412,0.,$0.00,4,401,Accessories,Panasonic CR2450,USD,82,10,,$25.00,$25.00,$2.50
413,0.,$0.00,0,391,Accessories,Panasonic Alkaline Power AAA | 4,USD,82,12,,$33.00,$33.00,$2.75
414,0.,$0.00,2,390,Accessories,Panasonic Alkaline Power AA | 4,USD,82,10,,$30.00,$30.00,$3.00
415,0.,$0.00,0,325,Accessories,Kingston 64 GB 100 MB/S Memory Card,USD,83,4,,$32.00,$32.00,$8.00
416,0.,$0.00,1,632,Accessories,Kingston 128 GB 100 MB/S Memory Card,USD,83,2,,$22.00,$22.00,$11.00
417,0.,$0.00,0,318,Accessories,Kieslect Kr2 Smart Watch,USD,84,3,,$165.30,$165.30,$55.10
418,0.,$0.00,0,1511,Accessories,Kieslect KS2 Smart Watch,USD,84,2,,$104.50,$104.50,$52.25
419,0.,$0.00,0,1568,Accessories,Hoco earpods DES57 PLUS,USD,85,4,,$28.00,$28.00,$7.00
420,0.,$0.00,0,1567,Accessories,Hoco BT Headphones w66,USD,85,1,,$7.00,$7.00,$7.00
421,0.,$0.00,0,1569,Accessories,Iphone 17 Clear Case MagSafe original,USD,86,4,,$22.00,$22.00,$5.50
422,0.,$0.00,0,1570,Accessories,Iphone 17 pro Clear Case MagSafe original,USD,86,5,,$27.50,$27.50,$5.50
423,0.,$0.00,0,1571,Accessories,Iphone 17 promax Clear Case MagSafe original,USD,86,4,,$22.00,$22.00,$5.50
424,0.,$0.00,0,1572,Accessories,Iphone 17 Air Clear Case MagSafe original,USD,86,5,,$27.50,$27.50,$5.50
425,0.,$0.00,0,1577,Accessories,Ring light plokma 450mm live-r45pro rgb led,USD,86,2,,$70.00,$70.00,$35.00
426,0.,$0.00,0,1578,Accessories,Ring light plokma 450mm live-r45 soft light led,USD,86,2,,$64.00,$64.00,$32.00
427,0.,$0.00,0,1573,Accessories,Radio r-1826 bt,USD,86,1,,$25.00,$25.00,$25.00
428,0.,$0.00,0,1574,Accessories,Radio r-1973 bt,USD,86,1,,$26.00,$26.00,$26.00
429,0.,$0.00,0,1575,Accessories,Radio r-1972 bt,USD,86,1,,$24.00,$24.00,$24.00
430,0.,$0.00,0,1576,Accessories,Radio r-1910,USD,86,1,,$25.00,$25.00,$25.00
431,0.,$0.00,0,117,Accessories,Apple Original Earpods USBC,USD,87,6,,$72.00,$72.00,$12.00
432,0.,$0.00,0,417,Accessories,PS5 1Terra,USD,88,1,,$490.00,$490.00,$490.00
433,0.,$0.00,0,1579,Accessories,Barbie Piccolina Magic Eyes Pink Box,USD,89,1,,$42.00,$42.00,$42.00
434,0.,$0.00,0,1580,Accessories,Barbie Charlene Interactive Pink Box,USD,89,1,,$43.00,$43.00,$43.00
435,0.,$0.00,0,1581,Accessories,Wrist Bands Fasion Set,USD,89,2,,$7.00,$7.00,$3.50
436,0.,$0.00,0,1582,Accessories,Wood Fate Early Education Musical Instrument Combination,USD,89,2,,$15.50,$15.50,$7.75
437,0.,$0.00,0,1583,Accessories,Merry Christmas Festival Makeup Set,USD,89,2,,$5.50,$5.50,$2.75
438,0.,$0.00,0,1584,Accessories,Beauty Bomb,USD,89,2,,$7.00,$7.00,$3.50
439,0.,$0.00,0,1585,Accessories,Trick Spray Water Bomb Launching Tank,USD,89,1,,$21.50,$21.50,$21.50
440,0.,$0.00,0,1586,Accessories,Die Cast Model Car Transporter Launcher Car,USD,89,2,,$13.50,$13.50,$6.75
441,0.,$0.00,0,1587,Accessories,Catch The Liar Kadab Cards Game,USD,89,2,,$7.00,$7.00,$3.50
442,0.,$0.00,0,1588,Accessories,Batman Car Bat Tech Racer with Remote Control,USD,89,1,,$50.00,$50.00,$50.00
443,0.,$0.00,0,1589,Accessories,Building Blocks Play And Learn Small 19 Pieces,USD,89,1,,$2.25,$2.25,$2.25
444,0.,$0.00,0,1590,Accessories,Soft Pull Back Vehicle,USD,89,1,,$9.75,$9.75,$9.75
445,0.,$0.00,0,1591,Accessories,Building Blocks Play And Learn Medium 39 Pieces,USD,89,1,,$4.25,$4.25,$4.25
446,0.,$0.00,0,1593,Accessories,Iron Man Avengers Lego US Team - Hulk - Anti Hulk Zin1,USD,89,3,,$14.25,$14.25,$4.75
447,0.,$0.00,0,1594,Accessories,Avdngars The Inftitiy Saga,USD,89,1,,$6.75,$6.75,$6.75
448,0.,$0.00,0,1595,Accessories,Lateral Drift Cool Stunt Car Chengde,USD,89,1,,$17.75,$17.75,$17.75
449,0.,$0.00,0,1596,Accessories,Toy Story 4 Buzz LightYear Battery Operated,USD,89,1,,$5.75,$5.75,$5.75
450,0.,$0.00,0,1597,Accessories,Peppa Pig Lego,USD,89,1,,$5.25,$5.25,$5.25
451,0.,$0.00,0,1598,Accessories,Captain America Civil War Super Hero Soft Bullet Blaster,USD,89,2,,$11.00,$11.00,$5.50
452,0.,$0.00,0,1599,Accessories,Cardinal Classics Backgamon,USD,89,2,,$9.00,$9.00,$4.50
453,0.,$0.00,0,1600,Accessories,Speed Racing Remote Control Car Series,USD,89,2,,$17.50,$17.50,$8.75
454,0.,$0.00,0,1601,Accessories,Balloonman KO Boxing,USD,89,2,,$13.00,$13.00,$6.50
455,0.,$0.00,0,1602,Accessories,Bentley Continental GT3,USD,89,1,,$16.50,$16.50,$16.50
456,0.,$0.00,0,1603,Accessories,Sniper Rifle Super Weapon,USD,89,2,,$14.50,$14.50,$7.25
457,0.,$0.00,0,1604,Accessories,Pop Football Player,USD,89,4,,$27.00,$27.00,$6.75
458,0.,$0.00,0,1625,Accessories,Pop Big Size,USD,89,10,,$22.50,$22.50,$2.25
459,0.,$0.00,0,1625,Accessories,Pop Big Size,USD,89,7,,$17.50,$17.50,$2.50
460,0.,$0.00,0,1605,Accessories,Elephant Musician,USD,89,2,,$9.50,$9.50,$4.75
461,0.,$0.00,0,1606,Accessories,Elephant Singing and Dancing,USD,89,1,,$4.50,$4.50,$4.50
462,0.,$0.00,0,1607,Accessories,Accompany Slumber Buddies Unicorn,USD,89,2,,$21.00,$21.00,$10.50
463,0.,$0.00,0,1608,Accessories,Dinosaur Color Dough Set,USD,89,1,,$7.75,$7.75,$7.75
464,0.,$0.00,0,1609,Accessories,Activity Cube,USD,89,1,,$10.25,$10.25,$10.25
465,0.,$0.00,0,1610,Accessories,Union Legend Avcngcrs,USD,89,1,,$3.75,$3.75,$3.75
466,0.,$0.00,0,1611,Accessories,Color My Love Barbie The Movie,USD,89,1,,$6.50,$6.50,$6.50
467,0.,$0.00,0,1612,Accessories,Playtive Junior Circuit a Boules,USD,89,2,,$9.50,$9.50,$4.75
468,0.,$0.00,0,1613,Accessories,Assault Soft Bullet Gun,USD,89,1,,$13.75,$13.75,$13.75
469,0.,$0.00,0,1614,Accessories,Dart Board Paper Dart Game Advance,USD,89,2,,$8.50,$8.50,$4.25
470,0.,$0.00,0,1615,Accessories,FMG9 Folding Matching Gun,USD,89,2,,$23.00,$23.00,$11.50
471,0.,$0.00,0,1616,Accessories,AK47/Future,USD,89,1,,$19.75,$19.75,$19.75
472,0.,$0.00,0,1617,Accessories,Ultimate Spider Man VS The Sinister 6 Gun,USD,89,1,,$5.50,$5.50,$5.50
473,0.,$0.00,0,1618,Accessories,Egg Saucer Game,USD,89,2,,$7.00,$7.00,$3.50
474,0.,$0.00,0,1619,Accessories,My World Lego,USD,89,1,,$5.75,$5.75,$5.75
475,0.,$0.00,0,1620,Accessories,Stadium 3D Puzzle Unite Dream,USD,89,2,,$15.00,$15.00,$7.50
476,0.,$0.00,0,1621,Accessories,Mini Vehicle Ultra Cool Styling Pull Back & Go,USD,89,2,,$2.70,$2.70,$1.35
477,0.,$0.00,0,1622,Accessories,Flashing Squirrel,USD,89,12,,$8.04,$8.04,$0.67
478,0.,$0.00,0,1623,Accessories,Gatling Blaze Pioneer Soft Bullet Gun Series,USD,89,1,,$13.75,$13.75,$13.75
479,0.,$0.00,0,1624,Accessories,Classical Train The Locomotive With Sound,USD,89,1,,$6.75,$6.75,$6.75
480,0.,$0.00,0,1627,Accessories,Pelushe Duck,USD,89,1,,$5.25,$5.25,$5.25
481,0.,$0.00,0,1626,Accessories,Gun Shots,USD,89,11,,$2.42,$2.42,$0.22
482,0.,$0.00,0,1628,Accessories,Green Lion 5in1 RPM 2000 Hair Styler 2,USD,90,1,,$19.00,$19.00,$19.00
483,0.,$0.00,0,1629,Accessories,Green Lion Dryer Bristol,USD,90,2,,$23.00,$23.00,$11.50
484,0.,$0.00,0,1630,Accessories,Iphone 17pro ipefet anti shock case,USD,90,8,,$44.00,$44.00,$5.50
485,0.,$0.00,0,1631,Accessories,Iphone 17pro max ipefet anti shock case,USD,90,6,,$33.00,$33.00,$5.50
486,0.,$0.00,0,1632,Accessories, Green Lion Triana Travel Pouch,USD,90,1,,$14.00,$14.00,$14.00
487,0.,$0.00,0,1634,Accessories,Green Lion Dynamic Duo watch and earbuds pro 2,USD,90,2,,$42.00,$42.00,$21.00
488,0.,$0.00,0,1635,Accessories,Air Blower Lithium 48V,USD,90,1,,$12.00,$12.00,$12.00
489,0.,$0.00,0,1636,Accessories,Green Lion Duo Cast Wirless Microphone lighting black,USD,90,2,,$36.00,$36.00,$18.00
490,0.,$0.00,0,1637,Accessories,Porodo Orion Lavalier Microphone type-c & lightning 70MAH,USD,90,1,,$22.00,$22.00,$22.00
491,0.,$0.00,0,1638,Accessories,Porodo Movo Lavalier Microphone type-c 5h working time,USD,90,1,,$21.00,$21.00,$21.00
492,0.,$0.00,0,1639,Accessories,Porodo  Lavalier Microphone Type-c Connwctor With Lighting Adapter,USD,90,1,,$19.00,$19.00,$19.00
493,0.,$0.00,0,1640,Accessories,Green Lion Earbuds pro 3,USD,90,2,,$24.00,$24.00,$12.00
494,0.,$0.00,0,1641,Accessories,Green Lion pro2 with active noise cancellation,USD,90,2,,$26.00,$26.00,$13.00
495,0.,$0.00,0,1642,Accessories,Green Lion Kitty beats earbuds,USD,90,1,,$11.00,$11.00,$11.00
496,0.,$0.00,0,1643,Accessories,Green Lion shadow beats earbuds,USD,90,1,,$11.00,$11.00,$11.00
497,0.,$0.00,0,1644,Accessories,Green Lion Earbuds pro2 2nd generation,USD,90,1,,$10.00,$10.00,$10.00
498,0.,$0.00,0,1645,Accessories,Green Lion Earbuds 4,USD,90,1,,$10.00,$10.00,$10.00
499,0.,$0.00,0,1646,Accessories,DIY Instant Digital Camera for kids,USD,90,4,,$58.00,$58.00,$14.50
500,0.,$0.00,1,568,Accessories,Mini UPS for Router SKE 10800,USD,90,2,,$20.00,$20.00,$10.00
501,0.,$0.00,0,1648,Accessories,Green Lion Projector,USD,90,1,,$65.00,$65.00,$65.00
502,0.,$0.00,0,1649,Accessories,Green Lion Priston Speaker,USD,90,1,,$12.00,$12.00,$12.00
503,0.,$0.00,0,1650,Accessories,Green Lion porto Speaker,USD,90,1,,$12.00,$12.00,$12.00
504,0.,$0.00,0,1652,Accessories,Hoco Speaker Riding Portable Speaker,USD,90,2,,$14.00,$14.00,$7.00
505,0.,$0.00,0,1651,Accessories,Hoco Speaker BS47,USD,90,2,,$14.00,$14.00,$7.00
506,0.,$0.00,0,1653,Accessories,XO-CZ001A Car Vacuum Cleaner,USD,90,2,,$18.00,$18.00,$9.00
507,0.,$0.00,0,1654,Accessories,Porodo Scooter 250w,USD,90,1,,$220.00,$220.00,$220.00
508,0.,$0.00,0,1633,Accessories,Green Lion Moon Charge 4in1 wireless charger,USD,90,1,,$20.00,$20.00,$20.00
509,0.,$0.00,0,1659,Accessories,Hoco comfoprtable wireless headphones W35,USD,91,3,,$34.98,$34.98,$11.66
510,0.,$0.00,0,1656,Accessories,Hoco smart finder android,USD,91,2,,$10.00,$10.00,$5.00
511,0.,$0.00,0,1657,Accessories,Hoco smart finder apple,USD,91,2,,$12.00,$12.00,$6.00
512,0.,$0.00,0,1658,Accessories,Hoco Watch Y33,USD,91,2,,$28.00,$28.00,$14.00
513,0.,$0.00,0,1661,Accessories,Christmas bag,USD,92,36,,$29.88,$29.88,$0.83
514,0.,$0.00,6,920,Accessories,Terea Sun Pearl,USD,93,10,,$25.00,$25.00,$2.50
515,0.,$0.00,2,921,Accessories,Terea Oasis Pearl,USD,93,10,,$25.00,$25.00,$2.50
516,0.,$0.00,1,195,Accessories,Electric Scooter for Kids,USD,94,1,,$145.00,$145.00,$145.00
517,0.,$0.00,0,1197,Accessories,MoXom Power Bank 10000 mah PD20 + Wireless 15w MX-PB111,USD,94,2,,$38.00,$38.00,$19.00
518,0.,$0.00,0,917,Accessories,Terea Turquoise,USD,95,40,,$100.00,$100.00,$2.50
519,0.,$0.00,0,918,Accessories,Terea Silver,USD,95,40,,$98.00,$98.00,$2.45
520,0.,$0.00,5,922,Accessories,Terea Purple,USD,95,20,,$50.00,$50.00,$2.50
521,0.,$0.00,9,921,Accessories,Terea Oasis Pearl,USD,95,10,,$25.00,$25.00,$2.50
522,0.,$0.00,15,920,Accessories,Terea Sun Pearl,USD,95,10,,$24.00,$24.00,$2.40
523,0.,$0.00,0,1674,Accessories,Hoco - Power Bank - 10000mah - J132,USD,96,2,,$20.00,$20.00,$10.00
524,0.,$0.00,0,1675,Accessories,Hoco - Power Bank - 15000mah - J144,USD,96,1,,$10.00,$10.00,$10.00
525,0.,$0.00,0,1677,Accessories,Hoco - Power Bank - 30000mah - J123B,USD,96,1,,$17.00,$17.00,$17.00
526,0.,$0.00,0,1671,Accessories,Hoco - Power Bank - 10000 mah - Q38,USD,96,1,,$12.00,$12.00,$12.00
527,0.,$0.00,0,1673,Accessories,Hoco - Magnetic Power Bank - 10000mah - Q44,USD,96,1,,$16.00,$16.00,$16.00
528,0.,$0.00,0,1669,Accessories,Hoco Children Care - Kids Watch - Y101,USD,96,1,,$34.00,$34.00,$34.00
529,0.,$0.00,0,1670,Accessories,Hoco Children Care - Kids Watch - Y104,USD,96,1,,$30.00,$30.00,$30.00
530,0.,$0.00,0,1678,Accessories,Hoco - Portable Smart Air Pump - S53,USD,96,1,,$23.00,$23.00,$23.00
531,0.,$0.00,0,1679,Accessories,Hoco - Colorful Led - Bluetooth Speaker - HC29,USD,96,1,,$16.00,$16.00,$16.00
532,0.,$0.00,0,1680,Accessories,Hoco - Magnetic Light - Bluetooth Speaker - BS64,USD,96,1,,$12.00,$12.00,$12.00
533,0.,$0.00,0,1672,Accessories,Hoco - Jump Starter - Air Pump - Light - 10000 mah - QS4,USD,96,1,,$55.00,$55.00,$55.00
534,0.,$0.00,0,1676,Accessories,Hoco - Power Bank - Dual Lighting - 10000mah - J151,USD,96,1,,$10.00,$10.00,$10.00
535,0.,$0.00,0,417,Accessories,PS5 1Terra,USD,97,1,,$490.00,$490.00,$490.00
536,0.,$0.00,0,418,Accessories,PS5 DualSense Controller Original,USD,97,2,,$132.00,$132.00,$66.00
537,0.,$0.00,0,1682,Accessories,Tablet Teclast M50,USD,98,2,,$230.00,$230.00,$115.00
538,0.,$0.00,1,593,Accessories,Kingston Data Traveler Exodia Onyx 256 GB USB 3.2,USD,99,2,,$51.00,$51.00,$25.50
539,0.,$0.00,1,592,Accessories,Kingston Data Traveler Exodia Onyx 128 GB USB 3.2,USD,99,3,,$24.00,$24.00,$8.00
540,0.,$0.00,0,444,Accessories,Samsung Galaxy A16 SM-A165F 4gb | 128gb,USD,100,2,,$246.00,$246.00,$123.00
541,0.,$0.00,0,767,Accessories,Samsung Galaxy A36 SM-A366B/DS 8gb | 256gb,USD,100,2,,$572.00,$572.00,$286.00
542,0.,$0.00,0,1332,Accessories,Samsung Galaxy A07SM-A07F 6gb | 128gb,USD,100,1,,$110.00,$110.00,$110.00
543,0.,$0.00,0,1684,Accessories,Samsung Galaxy A17 SM-A175F 4gb | 128gb New,USD,100,1,,$143.00,$143.00,$143.00
544,0.,$0.00,0,1685,Accessories,Samsung Galaxy A17 SM-A175F 6gb | 128gb,USD,100,1,,$156.00,$156.00,$156.00
545,0.,$0.00,0,1690,Accessories,Sony VR2,USD,101,1,,$387.00,$387.00,$387.00
546,0.,$0.00,1,1685,Accessories,Samsung Galaxy A17 SM-A175F 6gb | 128gb,USD,102,1,,$157.00,$157.00,$157.00
547,0.,$0.00,0,1691,Accessories,FC26 PS5,USD,103,1,,$44.00,$44.00,$44.00
548,0.,$0.00,0,1692,Accessories,VR HOCO DGA10VR GLASSES,USD,104,1,,$20.00,$20.00,$20.00
549,0.,$0.00,0,1697,Accessories,Hoco adapter usb-c single port fast charger set n70,USD,104,3,,$15.00,$15.00,$5.00
550,0.,$0.00,0,1696,Accessories,Hoco charger dual-port output 30w n63,USD,104,3,,$13.50,$13.50,$4.50
551,0.,$0.00,0,1695,Accessories,Hoco Car charger 30w nz16,USD,104,3,,$9.75,$9.75,$3.25
552,0.,$0.00,0,1693,Accessories,XO-SS20 AUTO FACE TRACKING,USD,104,1,,$12.50,$12.50,$12.50
553,0.,$0.00,0,1694,Accessories,HOCO ADAPTER QC3.0 // C140A,USD,104,3,,$6.75,$6.75,$2.25
554,0.,$0.00,0,1686,Accessories,"Tabe3 mebele 20,000LBP",USD,105,45,,"$900,000.00",$9.90,$0.22
555,0.,$0.00,0,1688,Accessories,"Tabe3 Mele 100,000LBP",USD,105,35,,"$3,500,000.00",$38.85,$1.11
556,0.,$0.00,0,1689,Accessories,"Tabe3 Mele 200,000LBP",USD,105,8,,"$1,600,000.00",$17.76,$2.22
557,0.,$0.00,0,1687,Accessories,"Tabe3 mebele 50,000LBP",USD,105,30,,"$1,500,000.00",$16.80,$0.56
558,0.,$0.00,0,1698,Accessories,Minecraft ps5 gaming CD,USD,106,1,,$32.00,$32.00,$32.00
559,0.,$0.00,1,1096,Accessories,Alfa Line,USD,107,2,,$15.54,$15.54,$7.77
560,0.,$0.00,0,1699,Accessories,Telzeal p104 / 16Gram 1T,USD,108,4,,$280.00,$280.00,$70.00
561,0.,$0.00,0,1700,Accessories,JBL Earbuds tune 2,USD,109,1,,$77.00,$77.00,$77.00
562,0.,$0.00,0,1702,Accessories,Hoco HC43,USD,110,2,,$16.00,$16.00,$8.00
563,0.,$0.00,0,1701,Accessories,Hoco Children tablet HI10,USD,110,1,,$55.00,$55.00,$55.00
564,0.,$0.00,2,230,Accessories,Hoco E65 In Car Wireless Fm transmitter,USD,110,1,,$7.50,$7.50,$7.50
565,0.,$0.00,0,1704,Accessories,Hoco Multifunctional card holder GT3,USD,110,1,,$4.00,$4.00,$4.00
566,0.,$0.00,0,1706,Accessories,Hoco in car wireless FM Transmitter E62,USD,110,1,,$10.00,$10.00,$10.00
567,0.,$0.00,0,1705,Accessories,Hoco non-slip rotating car holder for dashboard DCA67,USD,110,1,,$5.00,$5.00,$5.00
568,0.,$0.00,0,1703,Accessories,Green Lion earbuds ocean open ear headphones,USD,110,2,,$32.00,$32.00,$16.00
569,0.,$0.00,0,1707,Accessories,Hoco Watch Y37,USD,110,1,,$33.00,$33.00,$33.00
570,0.,$0.00,0,1708,Accessories,Hoco Watch Y27,USD,110,1,,$12.00,$12.00,$12.00
571,0.,$0.00,0,1709,Accessories,Playtime babies 3599,USD,111,1,,$8.75,$8.75,$8.75
572,0.,$0.00,0,1710,Accessories,cufan baby with diaper 8199b,USD,111,1,,$6.75,$6.75,$6.75
573,0.,$0.00,0,1711,Accessories,Deluxe Doll stroller set 16pcs,USD,111,2,,$47.00,$47.00,$23.50
574,0.,$0.00,0,1712,Accessories,play house plush pet grooming shoulder bag,USD,111,1,,$17.50,$17.50,$17.50
575,0.,$0.00,0,1732,Accessories,House Model's barbie,USD,111,1,,$35.00,$35.00,$35.00
576,0.,$0.00,0,1713,Accessories,Fashion real action play set NO.008-603A,USD,111,1,,$14.75,$14.75,$14.75
577,0.,$0.00,0,1733,Accessories, Grand Piano playmat,USD,111,1,,$16.50,$16.50,$16.50
578,0.,$0.00,0,1714,Accessories,Duck and friends,USD,111,1,,$6.75,$6.75,$6.75
579,0.,$0.00,0,1715,Accessories,Squide electric Dance,USD,111,4,,$23.00,$23.00,$5.75
580,0.,$0.00,0,1716,Accessories,Elephant animal little pal,USD,111,1,,$7.50,$7.50,$7.50
581,0.,$0.00,0,1717,Accessories,Fantastic color,USD,111,2,,$5.00,$5.00,$2.50
582,0.,$0.00,0,1718,Accessories,Phone learning activities,USD,111,2,,$5.00,$5.00,$2.50
583,0.,$0.00,0,1719,Accessories,Glittering cosmetic bag,USD,111,1,,$6.25,$6.25,$6.25
584,0.,$0.00,0,1720,Accessories,Chrildren's print camera,USD,111,2,,$51.00,$51.00,$25.50
585,0.,$0.00,0,1721,Accessories,Foilart dream set,USD,111,1,,$4.25,$4.25,$4.25
586,0.,$0.00,0,1722,Accessories,Blackboard + magnectic puzzle,USD,111,1,,$5.75,$5.75,$5.75
587,0.,$0.00,0,1723,Accessories,Makeuo series stitch / barbie,USD,111,2,,$12.50,$12.50,$6.25
588,0.,$0.00,0,1724,Accessories,Pretty Animals sweet dreams makeup,USD,111,1,,$7.75,$7.75,$7.75
589,0.,$0.00,0,1725,Accessories,Magic cube,USD,111,2,,$13.50,$13.50,$6.75
590,0.,$0.00,0,1726,Accessories,Electrinoc Dartboard,USD,111,2,,$31.00,$31.00,$15.50
591,0.,$0.00,0,1727,Accessories,3D Frame cars,USD,111,4,,$66.00,$66.00,$16.50
592,0.,$0.00,0,1728,Accessories,Cool Tools real action,USD,111,1,,$14.75,$14.75,$14.75
593,0.,$0.00,0,1730,Accessories,Champion metal racing car,USD,111,1,,$6.25,$6.25,$6.25
594,0.,$0.00,0,1729,Accessories,special combat vehicles,USD,111,1,,$15.50,$15.50,$15.50
595,0.,$0.00,0,1731,Accessories,fighter jet h23,USD,111,2,,$23.00,$23.00,$11.50
596,0.,$0.00,0,1812,Accessories,OG Full Glue Clear Protection Samsung A36 / A56 / S24 FE,USD,112,10,,$3.50,$3.50,$0.35
597,0.,$0.00,0,1813,Accessories,OG Full Glue Clear Protection Samsung S22 / S23,USD,112,10,,$3.50,$3.50,$0.35
598,0.,$0.00,0,1814,Accessories,OG Full Glue Clear Protection Samsung S22 Plus / S23 Plus,USD,112,10,,$3.50,$3.50,$0.35
599,0.,$0.00,0,1815,Accessories,OG Full Glue Clear Protection Samsung S24,USD,112,10,,$3.50,$3.50,$0.35
600,0.,$0.00,0,1816,Accessories,OG Full Glue Clear Protection Samsung S24 Plus,USD,112,10,,$3.50,$3.50,$0.35
601,0.,$0.00,0,1817,Accessories,OG Full Glue Clear Protection Samsung S24 Ultra,USD,112,10,,$3.50,$3.50,$0.35
602,0.,$0.00,0,1818,Accessories,OG Full Glue Clear Protection iPhone 15,USD,112,10,,$3.50,$3.50,$0.35
603,0.,$0.00,0,1819,Accessories,OG Full Glue Clear Protection iPhone 15 Pro Max,USD,112,10,,$3.50,$3.50,$0.35
604,0.,$0.00,0,1820,Accessories,OG Full Glue Clear Protection iPhone 15 Pro,USD,112,10,,$3.50,$3.50,$0.35
605,0.,$0.00,0,1821,Accessories,OG Full Glue Clear Protection iPhone 13 / 13 Pro / 14 / 16E,USD,112,10,,$3.50,$3.50,$0.35
606,0.,$0.00,0,1822,Accessories,OG Full Glue Clear Protection iPhone 13 Pro Max / 14 Plus,USD,112,10,,$3.50,$3.50,$0.35
607,0.,$0.00,0,1823,Accessories,OG Full Glue Clear Protection iPhone 16 Pro Max,USD,112,10,,$3.50,$3.50,$0.35
608,0.,$0.00,0,1824,Accessories,OG Full Glue Clear Protection iPhone 16 Pro,USD,112,10,,$3.50,$3.50,$0.35
609,0.,$0.00,0,1825,Accessories,OG Full Glue Clear Protection iPhone 16,USD,112,10,,$3.50,$3.50,$0.35
610,0.,$0.00,0,1826,Accessories,OG Full Glue Clear Protection iPhone 14 Pro,USD,112,10,,$3.50,$3.50,$0.35
611,0.,$0.00,0,1827,Accessories,OG Full Glue Clear Protection iPhone 14 Pro Max,USD,112,10,,$3.50,$3.50,$0.35
612,0.,$0.00,0,1838,Accessories,Hoco G15 Privacy Protection iPhone 17 Pro,USD,112,10,,$10.00,$10.00,$1.00
613,0.,$0.00,0,1839,Accessories,Hoco G15 Privacy Protection iPhone 17 Pro Max,USD,112,10,,$10.00,$10.00,$1.00
614,0.,$0.00,0,1840,Accessories,Hoco G16 Privacy Protection iPhone 17 Pro,USD,112,10,,$10.00,$10.00,$1.00
615,0.,$0.00,0,1741,Accessories,Moxom colorful 360 rotation phone holder MX-VS137,USD,112,3,,$13.50,$13.50,$4.50
616,0.,$0.00,0,1742,Accessories,Moxom tablet holder vs138,USD,112,2,,$11.00,$11.00,$5.50
617,0.,$0.00,0,1743,Accessories,Green Lion aurix clip on buds,USD,112,2,,$25.00,$25.00,$12.50
618,0.,$0.00,0,1744,Accessories,Green lion siena enc,USD,112,1,,$9.00,$9.00,$9.00
619,0.,$0.00,0,1745,Accessories, Green Lion harmonic,USD,112,1,,$8.00,$8.00,$8.00
620,0.,$0.00,0,1746,Accessories,Green Lion earbuds Mittersill,USD,112,2,,$16.00,$16.00,$8.00
621,0.,$0.00,0,1747,Accessories,Green Lion sienna earbuds pink,USD,112,1,,$9.00,$9.00,$9.00
622,0.,$0.00,0,1748,Accessories,Green Lion stereo earphones type-c connector,USD,112,10,,$45.00,$45.00,$4.50
623,0.,$0.00,0,1642,Accessories,Green Lion Kitty Beats Earbuds GL-TWS55,USD,112,1,,$12.00,$12.00,$12.00
624,0.,$0.00,0,1643,Accessories,Green Lion Shadow Beats Earbuds GL-TWS54,USD,112,1,,$12.00,$12.00,$12.00
625,0.,$0.00,0,1750,Accessories,Eggshell Airpods 4  Air 4 Protective Case,USD,112,4,,$10.00,$10.00,$2.50
626,0.,$0.00,0,1751,Accessories,Case Protective TPU Airpods 4 Air 4,USD,112,5,,$12.50,$12.50,$2.50
627,0.,$0.00,0,895,Accessories,Airpods Pro 3 2025 Protective Case EJ-01,USD,112,4,,$14.00,$14.00,$3.50
628,0.,$0.00,0,1780,Accessories,Mtetubl Camera Lens iPhone 15 Pro / 15 Pro Max,USD,112,4,,$7.40,$7.40,$1.85
629,0.,$0.00,0,1781,Accessories,Mtetubl Camera Lens iPhone 16 Pro / 16 Pro Max,USD,112,4,,$7.40,$7.40,$1.85
630,0.,$0.00,0,1777,Accessories,Mtetubl Camera Lens iPhone 17 Pro,USD,112,3,,$6.00,$6.00,$2.00
631,0.,$0.00,0,1778,Accessories,Mtetubl Camera Lens iPhone 17,USD,112,3,,$6.00,$6.00,$2.00
632,0.,$0.00,0,1779,Accessories,Mtetubl Camera Lens iPhone 17 Air,USD,112,4,,$8.00,$8.00,$2.00
633,0.,$0.00,0,1782,Accessories,Caisles Camera Lens iPhone 16 Pro / 16 Pro Max,USD,112,3,,$5.25,$5.25,$1.75
634,0.,$0.00,0,1783,Accessories,Caisles Camera Lens iPhone 16,USD,112,3,,$5.25,$5.25,$1.75
635,0.,$0.00,0,1784,Accessories,Caisles Camera Lens iPhone 15 Pro Max,USD,112,3,,$5.25,$5.25,$1.75
636,0.,$0.00,0,1785,Accessories,Caisles Camera Lens Samsung S25 Ultra,USD,112,3,,$5.25,$5.25,$1.75
637,0.,$0.00,0,1786,Accessories,Green Lion 2 in 1 Card Reader Supports Micro SD Cards,USD,112,2,,$8.00,$8.00,$4.00
638,0.,$0.00,0,1787,Accessories,Adapter Type-C to HDMI,USD,112,2,,$17.00,$17.00,$8.50
639,0.,$0.00,0,1788,Accessories,Green Lion 4 in 1 USB-A Hub Docking Station Adapter,USD,112,1,,$5.00,$5.00,$5.00
640,0.,$0.00,0,1789,Accessories,Green Lion 4 in 1 USB-C Hub Docking Station Adapter,USD,112,1,,$5.00,$5.00,$5.00
641,0.,$0.00,0,1790,Accessories,Green Lion 8 in 1 Cable Organizer 3M Self Adhesive,USD,112,1,,$4.50,$4.50,$4.50
642,0.,$0.00,0,1791,Accessories,Green Lion 2 in 1 Cable Organizer 3M Self Adhesive,USD,112,1,,$2.75,$2.75,$2.75
643,0.,$0.00,0,1792,Accessories,Green Lion Magnetic Clip Cable Organizer 10Pcs/Set,USD,112,1,,$3.50,$3.50,$3.50
644,0.,$0.00,0,1793,Accessories,Green Lion 4 in 1 TF Card Reader Supports Micro SD Cards,USD,112,2,,$11.00,$11.00,$5.50
645,0.,$0.00,0,1795,Accessories,Green Lion 3 in 1 Card Reader USB-A & USB-C Connectivity,USD,112,1,,$4.50,$4.50,$4.50
646,0.,$0.00,0,1794,Accessories,Green Lion 3 in 1 OTG,USD,112,1,,$5.00,$5.00,$5.00
647,0.,$0.00,0,1796,Accessories,Green Lion Power Bank Toledo 10000 mah 20W Fast Charging,USD,112,1,,$11.00,$11.00,$11.00
648,0.,$0.00,0,1797,Accessories,Green Lion Power Bank Kyoto 10000 mah PD 20W Fast Charging,USD,112,1,,$11.00,$11.00,$11.00
649,0.,$0.00,0,1798,Accessories,Flip Case For Pro 11 2024,USD,112,1,,$5.50,$5.50,$5.50
650,0.,$0.00,0,1799,Accessories,Flip Case For iP 10.2 / 10.5,USD,112,1,,$5.50,$5.50,$5.50
651,0.,$0.00,0,1800,Accessories,Flip Case For Air 11 2024 / 2025,USD,112,1,,$5.50,$5.50,$5.50
652,0.,$0.00,0,1801,Accessories,Flip Case Samsung Tab A11 2025,USD,112,5,,$32.50,$32.50,$6.50
653,0.,$0.00,0,1802,Accessories,Flip Case Samsung Tab A11+ 2025,USD,112,5,,$32.50,$32.50,$6.50
654,0.,$0.00,0,1803,Accessories,Flip Case Samsung Tab S10 FE+ 13.1 inch 2025,USD,112,1,,$6.50,$6.50,$6.50
655,0.,$0.00,0,1752,Accessories,Green Lion Car FM Transmitter Kit 30W Fast Charge GL-FM2,USD,112,2,,$18.00,$18.00,$9.00
656,0.,$0.00,0,1753,Accessories,Green Lion Compact Car Charger Dual Port Fast Charger 12W,USD,112,2,,$5.00,$5.00,$2.50
657,0.,$0.00,0,1749,Accessories,Porodo 95w transparent usb fwc048,USD,112,2,,$11.00,$11.00,$5.50
658,0.,$0.00,0,1754,Accessories,Green Lion USB-A to Lightning PVC Cable 2m,USD,112,3,,$6.00,$6.00,$2.00
659,0.,$0.00,0,1756,Accessories,Green Lion USB-C to Lightning PVC Cable 2m,USD,112,3,,$6.00,$7.50,$2.50
660,0.,$0.00,0,1755,Accessories,Green Lion USB-A to USB-C PVC Cable 2m,USD,112,3,,$6.00,$6.00,$2.00
661,0.,$0.00,0,1634,Accessories,Green Lion Dynamic Duo Watch Ultimate 41 and Earbuds Pro 2 GL-SWA11,USD,112,2,,$40.00,$40.00,$20.00
662,0.,$0.00,0,1757,Accessories,Green Lion Flex 46 2.06 IPS Smart Watch GL-SW11,USD,112,1,,$17.50,$17.50,$17.50
663,0.,$0.00,0,1758,Accessories,Green Lion Rivo Smart Watch Pink GL-SWA46,USD,112,1,,$26.00,$26.00,$26.00
664,0.,$0.00,0,1759,Accessories,Porodo Kids Flip Digital Camera with Tripod Stand LFS014,USD,112,2,,$29.00,$29.00,$14.50
665,0.,$0.00,0,1761,Accessories,Crown M50/S600 Watch + Airpods,USD,112,2,,$16.00,$16.00,$8.00
666,0.,$0.00,0,1760,Accessories,Crown C500 Watch + Headphone,USD,112,1,,$7.00,$7.00,$7.00
667,0.,$0.00,0,452,Accessories,Samsung Original Charger 25W PD,USD,112,5,,$40.00,$40.00,$8.00
668,0.,$0.00,0,1306,Accessories,Samsung Original Charger 45W PD Adapter C to C 5A 1.8m,USD,112,5,,$105.00,$105.00,$21.00
669,0.,$0.00,10,118,Accessories,Apple Original USB-C 20W Power Adapter,USD,112,3,,$51.00,$51.00,$17.00
670,0.,$0.00,6,1631,Accessories,Iphone 17 Pro Max iPefet Antishock Case,USD,112,3,,$16.50,$16.50,$5.50
671,0.,$0.00,0,1766,Accessories,Case iPhone 17 Pro Max,USD,112,2,,$9.00,$9.00,$4.50
672,0.,$0.00,0,1767,Accessories,Case iPhone 17 Pro,USD,112,2,,$9.00,$9.00,$4.50
673,0.,$0.00,0,1772,Accessories,Silicone Case Magnetic iPhone 17 Pro Max,USD,112,3,,$9.00,$9.00,$3.00
674,0.,$0.00,0,1773,Accessories,Silicone Case Magnetic iPhone 17,USD,112,4,,$12.00,$12.00,$3.00
675,0.,$0.00,0,1768,Accessories,Case iPhone 17 Pro Max,USD,112,3,,$6.75,$6.75,$2.25
676,0.,$0.00,0,1769,Accessories,Case iPhone 17 Pro,USD,112,3,,$6.75,$6.75,$2.25
677,0.,$0.00,0,1774,Accessories,Silicone Case iPhone 16 Protective Case,USD,112,6,,$27.00,$27.00,$4.50
678,0.,$0.00,0,1775,Accessories,Silicone Case iPhone 16 Pro Protective Case,USD,112,5,,$22.50,$22.50,$4.50
679,0.,$0.00,0,1776,Accessories,Silicone Case iPhone 16 Pro Max Protective Case,USD,112,5,,$22.50,$22.50,$4.50
680,0.,$0.00,0,1770,Accessories,Silicone Case Samsung S25,USD,112,10,,$9.00,$9.00,$0.90
681,0.,$0.00,0,1771,Accessories,Silicone Case Samsung S25 Ultra,USD,112,10,,$9.00,$9.00,$0.90
682,0.,$0.00,1,120,Accessories,Apple Original USB-C to Lightning Cable 1m,USD,112,5,,$45.00,$45.00,$9.00
683,0.,$0.00,0,1763,Accessories,Silicone Case iPhone 15 Pro Max,USD,112,7,,$6.30,$6.30,$0.90
684,0.,$0.00,0,1764,Accessories,Silicone Case iPhone 16 Pro Max,USD,112,7,,$6.30,$6.30,$0.90
685,0.,$0.00,0,1765,Accessories,Silicone Case iPhone 16,USD,112,6,,$5.40,$5.40,$0.90
686,0.,$0.00,0,1762,Accessories,Silicon Case iPhone 17 Pro Max,USD,112,7,,$10.50,$10.50,$1.50
687,0.,$0.00,0,1734,Accessories,Cable C TO C Black and white KN20,USD,112,10,,$10.00,$10.00,$1.00
688,0.,$0.00,0,1735,Accessories,Green Lion Earbuds 4 Anc white,USD,112,1,,$12.00,$12.00,$12.00
689,0.,$0.00,0,1736,Accessories,Green Lion portable jump starter,USD,112,1,,$59.00,$59.00,$59.00
690,0.,$0.00,0,1737,Accessories, Green lion Kids scooter,USD,112,1,,$130.00,$130.00,$130.00
691,0.,$0.00,0,1738,Accessories,Porodo electric scooter pink,USD,112,1,,$130.00,$130.00,$130.00
692,0.,$0.00,0,1739,Accessories,Unipha stereo earphones D21,USD,112,5,,$3.25,$3.25,$0.65
693,0.,$0.00,0,1740,Accessories,Green Lion GL-stereo pro,USD,112,5,,$12.50,$12.50,$2.50
694,0.,$0.00,0,1809,Accessories,OG Full Glue Clear Protection Samsung S25 Ultra,USD,112,10,,$7.00,$7.00,$0.70
695,0.,$0.00,0,1810,Accessories,OG Full Glue Clear Protection Samsung S25 Plus,USD,112,10,,$7.00,$7.00,$0.70
696,0.,$0.00,0,1811,Accessories,OG Full Glue Clear Protection Samsung S25,USD,112,10,,$7.00,$7.00,$0.70
697,0.,$0.00,0,1654,Accessories,Porodo Scooter 250w,USD,112,1,,$220.00,$220.00,$220.00
698,0.,$0.00,0,1828,Accessories,Caisles Privacy Protection iPhone 13 Pro Max,USD,112,2,,$2.00,$2.00,$1.00
699,0.,$0.00,0,1829,Accessories,Caisles Privacy Protection iPhone 13 / 13 Pro / 14,USD,112,2,,$2.00,$2.00,$1.00
700,0.,$0.00,0,1830,Accessories,Caisles Privacy Protection iPhone 14 Pro,USD,112,2,,$2.00,$2.00,$1.00
701,0.,$0.00,0,1831,Accessories,Caisles Privacy Protection iPhone 14 Pro Max,USD,112,2,,$2.00,$2.00,$1.00
702,0.,$0.00,0,1832,Accessories,Caisles Privacy Protection iPhone 15 / 16,USD,112,2,,$2.00,$2.00,$1.00
703,0.,$0.00,0,1833,Accessories,Caisles Privacy Protection iPhone 16 Pro,USD,112,2,,$2.00,$2.00,$1.00
704,0.,$0.00,0,1834,Accessories,Caisles Privacy Protection iPhone 16 Pro max,USD,112,2,,$2.00,$2.00,$1.00
705,0.,$0.00,0,1835,Accessories,Caisles Privacy Protection iPhone 17,USD,112,2,,$2.00,$2.00,$1.00
706,0.,$0.00,0,1836,Accessories,Caisles Privacy Protection iPhone 17 Pro,USD,112,2,,$2.00,$2.00,$1.00
707,0.,$0.00,0,1837,Accessories,Caisles Privacy Protection iPhone 17 Pro Max,USD,112,2,,$2.00,$2.00,$1.00
708,0.,$0.00,0,1804,Accessories,OG Full Glue Clear Protection Samsung A16 / A26 / M16 / F16,USD,112,20,,$7.00,$7.00,$0.35
709,0.,$0.00,0,1805,Accessories,OG Full Glue Clear Protection Samsung A05 / A06 / M05 / M06 / F05 / F06,USD,112,20,,$7.00,$7.00,$0.35
710,0.,$0.00,0,1806,Accessories,OG Full Glue Clear Protection Samsung A24 / A25 / M34 / F34,USD,112,10,,$3.50,$3.50,$0.35
711,0.,$0.00,0,1807,Accessories,OG Full Glue Clear Protection Samsung A23,USD,112,10,,$3.50,$3.50,$0.35
712,0.,$0.00,0,1808,Accessories,OG Full Glue Clear Protection Samsung A35 / A55 / M35,USD,112,10,,$3.50,$3.50,$0.35
713,0.,$0.00,2,917,Accessories,Terea Turquoise,USD,113,40,,$98.00,$98.00,$2.45
714,0.,$0.00,3,922,Accessories,Terea Purple,USD,113,20,,$50.00,$50.00,$2.50
715,0.,$0.00,13,921,Accessories,Terea Oasis Pearl,USD,113,20,,$49.00,$49.00,$2.45
716,0.,$0.00,0,924,Accessories,Terea Sienna,USD,113,20,,$49.00,$49.00,$2.45
717,0.,$0.00,0,1239,Accessories,Apple Watch S10 46mm,USD,114,1,,$330.00,$330.00,$330.00
718,0.,$0.00,0,1842,Accessories,Samsung S25 Ultra 256/12,USD,114,1,,"$1,005.00","$1,005.00","$1,005.00"
719,0.,$0.00,0,1843,Accessories,Iphone 17 Air 256,USD,114,1,,"$1,050.00","$1,050.00","$1,050.00"
720,0.,$0.00,0,1844,Accessories,Iphone 17 256,USD,114,1,,$970.00,$970.00,$970.00
721,0.,$0.00,0,768,Accessories,Samsung Galaxy A56 SM-A566B/DS 8gb | 256gb,USD,114,1,,$381.00,$381.00,$381.00
722,0.,$0.00,0,767,Accessories,Samsung Galaxy A36 SM-A366B/DS 8gb | 256gba56,USD,114,1,,$283.00,$283.00,$283.00
723,0.,$0.00,0,1845,Accessories,Iphone 17 pro max 256 esim/sim,USD,114,1,,"$1,590.00","$1,590.00","$1,590.00"
724,0.,$0.00,0,1846,Accessories,Laptop HP Victus 15-FA2013DX I5-13420H 8/512,USD,115,1,,$665.00,$665.00,$665.00
725,0.,$0.00,0,1842,Accessories,Samsung S25 Ultra 256/12,USD,116,1,,"$1,005.00","$1,005.00","$1,005.00"
726,0.,$0.00,1,767,Accessories,Samsung Galaxy A36 SM-A366B/DS 8gb | 256gba56,USD,116,1,,$283.00,$283.00,$283.00
727,0.,$0.00,0,1450,Accessories,Samsung Galaxy A07SM-A07F 4gb | 64gb,USD,117,2,,$164.00,$164.00,$82.00
728,0.,$0.00,0,1332,Accessories,Samsung Galaxy A07SM-A07F 6gb | 128gb,USD,117,1,,$110.00,$110.00,$110.00
729,0.,$0.00,0,1153,Accessories,Samsung Galaxy A26 8gb | 256gb,USD,117,1,,$220.00,$220.00,$220.00
730,0.,$0.00,1,767,Accessories,Samsung Galaxy A36 SM-A366B/DS 8gb | 256gba56,USD,117,1,,$284.00,$284.00,$284.00
731,0.,$0.00,0,768,Accessories,Samsung Galaxy A56 SM-A566B/DS 8gb | 256gb,USD,117,1,,$337.00,$337.00,$337.00
732,0.,$0.00,0,1842,Accessories,Samsung S25 Ultra 256/12,USD,118,1,,"$1,015.00","$1,015.00","$1,015.00"
733,0.,$0.00,1,1096,Accessories,Alfa Line,USD,119,2,,$15.54,$15.54,$7.77
734,0.,$0.00,0,917,Accessories,Terea Turquoise,USD,120,60,,$138.00,$138.00,$2.30
735,0.,$0.00,12,918,Accessories,Terea Silver,USD,120,20,,$46.00,$46.00,$2.30
736,0.,$0.00,5,923,Accessories,Terea Amber,USD,120,20,,$46.00,$46.00,$2.30
737,0.,$0.00,1,922,Accessories,Terea Purple,USD,120,20,,$46.00,$46.00,$2.30
738,0.,$0.00,4,1394,Accessories,Terea Summer Wave,USD,120,10,,$24.00,$24.00,$2.40
739,0.,$0.00,4,1393,Accessories,Terea Arbob Pearl,USD,120,10,,$24.00,$24.00,$2.40
740,0.,$0.00,0,1686,Accessories,"Tabe3 mebele 20,000LBP",usd,121,100,,$22.19,$22.19,$0.22
741,0.,$0.00,0,1687,Accessories,"Tabe3 mebele 50,000LBP",usd,121,150,,$82.29,$82.29,$0.55
742,0.,$0.00,0,1688,Accessories,"Tabe3 Mele 100,000LBP",usd,121,50,,$54.86,$54.86,$1.10
743,0.,$0.00,0,1327,Accessories,Iqos ILUMA I Midnight Black,USD,122,1,,$55.00,$55.00,$55.00
744,0.,$0.00,0,1421,Accessories,IQOS ILUMA I ONE MIDNIGHT BLACK,USD,122,1,,$30.00,$30.00,$30.00
745,0.,$0.00,0,1898,Accessories,60W / 10000 Bends / USB-C to USB-C PVC Cable / 1 Meter,USD,123,6,,$12.00,$12.00,$2.00
746,0.,$0.00,0,1899,Accessories,12W / 10000 Bends / USB-A to Micro PVC Cable / 1 Meter,USD,123,4,,$4.00,$4.00,$1.00
747,0.,$0.00,0,1900,Accessories,Led Lights / 10000 Bends / 4 in 1 Led Braided Cable / 60W / 1.2 Meter,USD,123,4,,$20.00,$20.00,$5.00
748,0.,$0.00,0,1901,Accessories,60W / 10000 Bends / 3 in 2 Braided Fast Charging Cable / 1.2 Meter,USD,123,3,,$12.00,$12.00,$4.00
749,0.,$0.00,1,1740,Accessories,Green Lion GL-stereo pro,USD,123,6,,$15.00,$15.00,$2.50
750,0.,$0.00,5,1748,Accessories,Green Lion stereo earphones type-c connector,USD,123,5,,$22.50,$22.50,$4.50
751,0.,$0.00,0,1904,Accessories,10000 Bends / USB-A to Lightning PVC Cable / 2 Meters,USD,123,4,,$10.00,$10.00,$2.50
752,0.,$0.00,0,1905,Accessories,10000 Bends / USB-A to USB-C / 2 Meters,USD,123,4,,$10.00,$10.00,$2.50
753,0.,$0.00,0,1906,Accessories,Lightning to Aux Braided Cable / 1 Meter,USD,123,4,,$14.00,$14.00,$3.50
754,0.,$0.00,0,1907,Accessories,USB-C to 3.5mm Aux Audio Cable / UPA26,USD,123,4,,$10.00,$10.00,$2.50
755,0.,$0.00,0,1908,Accessories,27W / 10000 Bends / USB-C to Lightning PVC Cable / 2 Meters,USD,123,4,,$10.00,$10.00,$2.50
756,0.,$0.00,0,1909,Accessories,25W PD Adapter USB-C Samsung White,USD,123,4,,$20.00,$20.00,$5.00
757,0.,$0.00,0,1910,Accessories,65W PD / Power Adapter Trio / USB-C 2Ports / USB-A Port,USD,123,3,,$13.50,$13.50,$4.50
758,0.,$0.00,1,111,Accessories,Apple Copy USB-C 25W Power Adapter,USD,123,4,,$8.00,$8.00,$2.00
759,0.,$0.00,0,1911,Accessories,Hoco 30W Dual Port USB-C / USB-A Z57A,USD,123,2,,$7.50,$7.50,$3.75
760,0.,$0.00,0,1912,Accessories,Porodo / Essential Pulse / Smart Watch / Black,USD,123,1,,$15.00,$15.00,$15.00
761,0.,$0.00,0,1913,Accessories,Porodo / Essential Pulse / Smart Watch / Pink,USD,123,1,,$15.00,$15.00,$15.00
762,0.,$0.00,0,1914,Accessories,Green Lion / Optima Smart Watch,USD,123,1,,$17.00,$17.00,$17.00
763,0.,$0.00,0,1915,Accessories,Green Lion / Galvin Smart Watch,USD,123,1,,$29.00,$29.00,$29.00
764,0.,$0.00,1,1749,Accessories,Porodo FWC048 Transparent 95W Car Charger,USD,123,3,,$16.50,$16.50,$5.50
765,0.,$0.00,0,1753,Accessories,Green Lion Compact Car Charger Dual Port Fast Charger 12W,USD,123,3,,$7.50,$7.50,$2.50
766,0.,$0.00,0,1916,Accessories,Clear Case iPhone 17,USD,123,10,,$6.50,$6.50,$0.65
767,0.,$0.00,0,1917,Accessories,Clear Case iPhone 17 Pro,USD,123,10,,$6.50,$6.50,$0.65
768,0.,$0.00,0,1918,Accessories,Clear Case iPhone 17 Pro Max,USD,123,6,,$3.90,$3.90,$0.65
769,0.,$0.00,0,1919,Accessories,Clear Case iPhone 17 Air,USD,123,10,,$6.50,$6.50,$0.65
770,0.,$0.00,0,1920,Accessories,Hoco / Speaker / Powerful Shocking 3D Sound / HC27,USD,123,1,,$11.50,$11.50,$11.50
771,0.,$0.00,0,1921,Accessories,Green Lion / Speaker / Pristone,USD,123,1,,$12.00,$12.00,$12.00
772,0.,$0.00,0,1650,Accessories,Green Lion / Speaker / Porto,USD,123,1,,$12.00,$12.00,$12.00
773,0.,$0.00,0,1922,Accessories,Green Lion / Moon Charge / 4 in 1 Wireless Charger,USD,123,1,,$20.00,$20.00,$20.00
774,0.,$0.00,0,1923,Accessories,AceFast / Portable Wireles Speaker / Waterproof,USD,123,2,,$28.00,$28.00,$14.00
775,0.,$0.00,0,1924,Accessories,Hoco / Old Fashion Speaker / Dual Microphones / BS63,USD,123,1,,$37.00,$37.00,$37.00
776,0.,$0.00,2,1835,Accessories,Caisles Privacy Protection iPhone 17,USD,123,9,,$9.00,$9.00,$1.00
777,0.,$0.00,2,1836,Accessories,Caisles Privacy Protection iPhone 17 Pro,USD,123,10,,$10.00,$10.00,$1.00
778,0.,$0.00,0,1837,Accessories,Caisles Privacy Protection iPhone 17 Pro Max,USD,123,10,,$10.00,$10.00,$1.00
779,0.,$0.00,0,1925,Accessories,Caisles Privacy Protection iPhone 17 Air,USD,123,10,,$10.00,$10.00,$1.00
780,0.,$0.00,7,1850,Accessories,Caisles Privacy Protection iPhone 16,USD,123,10,,$10.00,$10.00,$1.00
781,0.,$0.00,0,1833,Accessories,Caisles Privacy Protection iPhone 16 Pro,USD,123,10,,$10.00,$10.00,$1.00
782,0.,$0.00,1,1834,Accessories,Caisles Privacy Protection iPhone 16 Pro max,USD,123,10,,$10.00,$10.00,$1.00
783,0.,$0.00,0,1926,Accessories,Original Stanley,USD,123,2,,$16.00,$16.00,$8.00
784,0.,$0.00,0,1927,Accessories,Green Lion / Citrus Juicer / Dual Rotation / BPA Free,USD,123,1,,$13.00,$13.00,$13.00
785,0.,$0.00,0,1928,Accessories,Hoco / Car Holder / Clamp Arm One Click Opening / H78,USD,123,1,,$3.50,$3.50,$3.50
786,0.,$0.00,0,1929,Accessories,Hoco / Car Holder / Gravity Clamping / H80,USD,123,1,,$3.50,$3.50,$3.50
787,0.,$0.00,0,1930,Accessories,Hoco / Headphone / Cat Ear / Pink / W42,USD,123,1,,$8.00,$8.00,$8.00
788,0.,$0.00,0,1931,Accessories,Hoco / Headphone / Cat Ear / Blue / W42,USD,123,1,,$8.00,$8.00,$8.00
789,0.,$0.00,0,1096,Accessories,Alfa Line,USD,124,2,,$15.54,$15.54,$7.77
790,0.,$0.00,0,605,Accessories,Xiaomi Smart Mini TV Stick FHD Android TV,USD,125,2,,$68.00,$68.00,$34.00
791,0.,$0.00,17,918,Accessories,Terea Silver,USD,126,10,,$23.00,$23.00,$2.30
792,0.,$0.00,0,922,Accessories,Terea Purple,USD,126,20,,$46.00,$46.00,$2.30
793,0.,$0.00,0,1096,Accessories,Alfa Line,USD,127,2,,$15.54,$15.54,$7.77
794,0.,$0.00,0,593,Accessories,Kingston Data Traveler Exodia Onyx 256 GB USB 3.2,USD,128,2,,$36.00,$36.00,$18.00
795,0.,$0.00,35,1686,Accessories,"Tabe3 mebele 20,000LBP",usd,129,50,,$11.11,$11.11,$0.22
796,0.,$0.00,2,1687,Accessories,"Tabe3 mebele 50,000LBP",usd,129,50,,$27.77,$27.77,$0.56
797,0.,$0.00,25,1688,Accessories,"Tabe3 Mele 100,000LBP",usd,129,100,,$111.11,$111.11,$1.11
798,0.,$0.00,1,1096,Accessories,Alfa Line,USD,130,2,,$15.54,$15.54,$7.77
799,0.,$0.00,21,918,Accessories,Terea Silver,USD,131,10,,$23.00,$23.00,$2.30
800,0.,$0.00,15,924,Accessories,Terea Sienna,USD,131,10,,$23.00,$23.00,$2.30
801,0.,$0.00,0,922,Accessories,Terea Purple,USD,131,30,,$69.00,$69.00,$2.30
802,0.,$0.00,23,917,Accessories,Terea Turquoise,USD,131,30,,$69.00,$69.00,$2.30
803,0.,$0.00,1,926,Accessories,Blends Purple Aroma,USD,131,10,,$9.60,$9.60,$0.96
804,0.,$0.00,10,118,Accessories,Apple Original USB-C 20W Power Adapter,USD,132,5,,$85.00,$85.00,$17.00
805,0.,$0.00,2,119,Accessories,Apple Original USB-C to USB-C Charge Cable (1m),USD,132,6,,$54.00,$54.00,$9.00
806,0.,$0.00,2,120,Accessories,Apple Original USB-C to Lightning Cable 1m,USD,132,6,,$54.00,$54.00,$9.00
807,0.,$0.00,0,593,Accessories,Kingston Data Traveler Exodia Onyx 256 GB USB 3.2,USD,132,2,,$40.00,$40.00,$20.00
808,0.,$0.00,0,592,Accessories,Kingston Data Traveler Exodia Onyx 128 GB USB 3.2,USD,132,2,,$18.00,$18.00,$9.00
809,0.,$0.00,0,1932,Accessories,Caisles Clear Protection iPhone 17 Pro Max HD Glass,USD,132,6,,$6.00,$6.00,$1.00
810,0.,$0.00,0,1933,Accessories,Caisles Clear Protection iPhone 16 Pro Max HD Glass,USD,132,6,,$6.00,$6.00,$1.00
811,0.,$0.00,0,1934,Accessories,Caisles Clear Protection iPhone 17 Pro HD Glass,USD,132,6,,$6.00,$6.00,$1.00
812,0.,$0.00,0,1935,Accessories,Hoco Mouse 2.4G Wireless BT Dual Mode Mouse DI04 Plus,USD,132,2,,$8.00,$8.00,$4.00
813,0.,$0.00,0,1936,Accessories,Hoco Mouse Confortable Grip Wired Mouse GM50,USD,132,2,,$6.00,$6.00,$3.00
814,0.,$0.00,0,1937,Accessories,Green Lion Shadow RGB ANC Gaming Headset,USD,132,1,,$21.00,$21.00,$21.00
815,0.,$0.00,0,1938,Accessories,Porodo Soundtec Vintage Wireless ENC Headphone Black,USD,132,1,,$12.00,$12.00,$12.00
816,0.,$0.00,0,1939,Accessories,Porodo Soundtec Vintage Wireless ENC Headphone Black/Silver,USD,132,1,,$11.00,$11.00,$11.00
817,0.,$0.00,0,1940,Accessories,Porodo Soundtec Clap ANC Wireless Headphone,USD,132,1,,$18.00,$18.00,$18.00
818,0.,$0.00,0,1941,Accessories,Porodo Soundtec Primo Wireless Headphone ENC & Low-Latency Gaming Mode,USD,132,1,,$11.00,$11.00,$11.00
819,0.,$0.00,0,1942,Accessories,Porodo 6 in 1 Keyboard & Mouse Set,USD,132,1,,$18.00,$18.00,$18.00
820,0.,$0.00,0,1943,Accessories,60W / 10000 Bends / USB-C to USB-C Braided Cable / 1 Meter,USD,132,2,,$4.50,$4.50,$2.25
821,0.,$0.00,0,1944,Accessories,Led Indicator / 10000 Bends / Led Braided Cable / USB-C to USB-C / 60W,USD,132,4,,$15.00,$15.00,$3.75
822,0.,$0.00,8,1445,Accessories,Clear Case Samsung A26 / A17,USD,132,10,,$6.50,$6.50,$0.65
823,0.,$0.00,0,1945,Accessories,MoXoM Extendable Holder StrongMan MX-VS27,USD,132,1,,$5.00,$5.00,$5.00
824,0.,$0.00,0,1946,Accessories,Porodo Flexible Arm Magnetic Car Mount Adjustable Positioning,USD,132,2,,$14.00,$14.00,$7.00
825,0.,$0.00,0,1950,Accessories,New MagSafe Case iPhone 17 Camera Control,USD,132,11,,$60.50,$60.50,$5.50
826,0.,$0.00,0,1951,Accessories,New MagSafe Case iPhone 17 Pro Camera Control,USD,132,9,,$49.50,$49.50,$5.50
827,0.,$0.00,0,1952,Accessories,New MagSafe Case iPhone 17 Pro Max Camera Control,USD,132,7,,$38.50,$38.50,$5.50
828,0.,$0.00,0,1947,Accessories,Green Lion / Fire Flame Windproof Lighter / Agjustable Knob,USD,132,1,,$10.00,$10.00,$10.00
829,0.,$0.00,0,1948,Accessories,Green Lion / Travel Mate Luggage Scale,USD,132,1,,$10.00,$10.00,$10.00
830,0.,$0.00,0,1949,Accessories,Porodo Dual Lightning Selfie Stick Remote Shutter 4-Leg Base,USD,132,1,,$13.50,$13.50,$13.50
831,0.,$0.00,8,1825,Accessories,OG Full Glue Clear Protection iPhone 16,USD,132,20,,$7.00,$7.00,$0.35
832,0.,$0.00,0,1953,Accessories,Odora Reed Diffuser,USD,133,8,,$24.00,$24.00,$3.00
833,0.,$0.00,0,1954,Accessories,Deo Group premium Diffuser,USD,133,2,,$30.00,$30.00,$15.00
834,0.,$0.00,3,922,Accessories,Terea Purple,USD,134,30,,$78.00,$78.00,$2.60
835,0.,$0.00,35,917,Accessories,Terea Turquoise,USD,134,30,,$78.00,$78.00,$2.60
836,0.,$0.00,13,918,Accessories,Terea Silver,USD,134,20,,$48.00,$48.00,$2.40
837,0.,$0.00,3,919,Accessories,Terea Yellow,USD,134,10,,$24.00,$24.00,$2.40
838,0.,$0.00,45,1686,Accessories,"Tabe3 mebele 20,000LBP",usd,135,50,,$11.11,$11.11,$0.22
839,0.,$0.00,0,1687,Accessories,"Tabe3 mebele 50,000LBP",usd,135,100,,$55.55,$55.55,$0.56
840,0.,$0.00,25,1688,Accessories,"Tabe3 Mele 100,000LBP",usd,135,100,,$111.11,$111.11,$1.11
841,0.,$0.00,1,1096,Accessories,Alfa Line,USD,136,2,,$15.54,$15.54,$7.77
842,0.,$0.00,1,1096,Accessories,Alfa Line,USD,137,2,,$15.54,$15.54,$7.77
843,0.,$0.00,0,768,Accessories,Samsung Galaxy A56 SM-A566B/DS 8gb | 256gb,USD,138,1,,$370.00,$370.00,$370.00
844,0.,$0.00,0,1685,Accessories,Samsung Galaxy A17 SM-A175F 6gb | 128gbA26,USD,138,2,,$320.00,$320.00,$160.00
845,0.,$0.00,0,1412,Accessories,Samsung Galaxy A17 SM-A175F 8gb | 256gb,USD,138,2,,$392.00,$392.00,$196.00
846,0.,$0.00,23,1686,Accessories,"Tabe3 mebele 20,000LBP",usd,139,50,,$10.97,$10.97,$0.22
847,0.,$0.00,42,1687,Accessories,"Tabe3 mebele 50,000LBP",usd,139,150,,$82.29,$82.29,$0.55
848,0.,$0.00,0,120,Accessories,Apple Original USB-C to Lightning Cable 1m,USD,140,5,,$45.00,$45.00,$9.00
849,0.,$0.00,0,452,Accessories,Samsung Original Charger 25W PD,USD,140,5,,$42.50,$42.50,$8.50
850,0.,$0.00,0,1306,Accessories,Samsung Original Charger 45W PD Adapter C to C 5A 1.8m,USD,140,5,,$105.00,$105.00,$21.00
851,0.,$0.00,0,1955,Accessories,New USB-C to Jack 3.5,USD,140,5,,$35.00,$35.00,$7.00
852,0.,$0.00,0,1956,Accessories,New Lightning to Jack 3.5,USD,140,5,,$35.00,$35.00,$7.00
853,0.,$0.00,0,1957,Accessories,Foneng USB-C Fast Charger 45W EU62,USD,140,5,,$23.75,$23.75,$4.75
854,0.,$0.00,0,1958,Accessories,Foneng Single USB Fast Charger 18W EU54,USD,140,3,,$6.75,$6.75,$2.25
855,0.,$0.00,0,1959,Accessories,Foneng Audio Cable USB-C to Jack BM31,USD,140,6,,$21.00,$21.00,$3.50
856,0.,$0.00,0,1960,Accessories,Foneng Audio Cable Lightning to Jack BM31,USD,140,5,,$17.50,$17.50,$3.50
857,0.,$0.00,0,1961,Accessories,Kakusiga USB-C to USB-A OTG Adapter KSC-1420,USD,140,3,,$5.25,$5.25,$1.75
858,0.,$0.00,0,1962,Accessories,Green Lion Stereo X90 Earphones,USD,140,4,,$16.00,$16.00,$4.00
859,0.,$0.00,0,1963,Accessories,Hoco Power Bank 20000 mah J159A,USD,140,1,,$11.00,$11.00,$11.00
860,0.,$0.00,0,1964,Accessories,Foneng Power Bank Fast Charging 30000 mah GT300,USD,140,1,,$19.00,$19.00,$19.00
861,0.,$0.00,0,1965,Accessories,Foneng Power Bank Fast Charging 40000 mah P64,USD,140,1,,$19.00,$19.00,$19.00
862,0.,$0.00,0,1640,Accessories,Green Lion Earbuds Pro 3 G-Pro 3,USD,140,1,,$14.00,$14.00,$14.00
863,0.,$0.00,0,1645,Accessories,Green Lion Earbuds 4 GBUD4-G1,USD,140,1,,$11.00,$11.00,$11.00
864,0.,$0.00,0,1735,Accessories,Green Lion Earbuds 4 Anc white,USD,140,1,,$12.00,$12.00,$12.00
865,0.,$0.00,0,1966,Accessories,Green Lion Earbuds 3 White,USD,140,1,,$9.00,$9.00,$9.00
866,0.,$0.00,0,1967,Accessories,Caisles Clear Protection iPhone 13 Pro Max,USD,140,10,,$8.50,$8.50,$0.85
867,0.,$0.00,0,1968,Accessories,Caisles Clear Protection iPhone 13 / 13 Pro / 14,USD,140,10,,$8.50,$8.50,$0.85
868,0.,$0.00,0,1969,Accessories,OG Full Glue - Clear Protection A54 S23,USD,140,10,,$3.50,$3.50,$0.35
869,0.,$0.00,0,1970,Accessories,OG Full Glue - Clear Protection A36 A56 S24 FE,USD,140,10,,$3.50,$3.50,$0.35
870,0.,$0.00,0,1971,Accessories,Hoco G14 Clear Protection iPhone 17 Pro Max,USD,140,10,,$8.50,$8.50,$0.85
871,0.,$0.00,0,1972,Accessories,Lito Clear Protection iPhone 12 Pro Max,USD,140,10,,$10.00,$10.00,$1.00
872,0.,$0.00,0,1973,Accessories,Lito Clear Protection iPhone 12 / 12 Pro,USD,140,10,,$10.00,$10.00,$1.00
873,0.,$0.00,0,1974,Accessories,Lito Clear Protection iPhone 15,USD,140,10,,$10.00,$10.00,$1.00
874,0.,$0.00,0,418,Accessories,PS5 DualSense Controller Original,USD,141,2,,$128.00,$128.00,$64.00
875,0.,$0.00,0,1180,Accessories,Delia Classic Gold,USD,142,10,,$17.10,$17.10,$1.71
876,0.,$0.00,0,1179,Accessories,Delia Classic Silver,USD,142,10,,$17.10,$17.10,$1.71
877,0.,$0.00,0,931,Accessories,Blends Mellow Classics,USD,142,10,,$9.60,$9.60,$0.96
878,0.,$0.00,11,917,Accessories,Terea Turquoise,USD,142,30,,$75.60,$75.60,$2.52
879,0.,$0.00,25,922,Accessories,Terea Purple,USD,142,10,,$25.20,$25.20,$2.52
880,0.,$0.00,23,918,Accessories,Terea Silver,USD,142,20,,$48.40,$48.40,$2.42
881,0.,$0.00,0,920,Accessories,Terea Sun Pearl,USD,142,20,,$48.40,$48.40,$2.42
882,0.,$0.00,0,921,Accessories,Terea Oasis Pearl,USD,142,30,,$84.00,$84.00,$2.80
883,0.,$0.00,13,923,Accessories,Terea Amber,USD,142,10,,$25.20,$25.20,$2.52
884,0.,$0.00,0,1976,Accessories,SamFire Case iPhone 13/14,USD,143,10,,$30.00,$30.00,$3.00
885,0.,$0.00,0,1977,Accessories,SamFire Case iPhone 14 Pro,USD,143,10,,$30.00,$30.00,$3.00
886,0.,$0.00,0,1978,Accessories,SamFire Case iPhone 14 Pro Max,USD,143,10,,$30.00,$30.00,$3.00
887,0.,$0.00,0,1979,Accessories,SamFire Case iPhone 15,USD,143,10,,$30.00,$30.00,$3.00
888,0.,$0.00,0,1980,Accessories,SamFire Case iPhone 15 Pro,USD,143,10,,$30.00,$30.00,$3.00
889,0.,$0.00,0,1981,Accessories,SamFire Case iPhone 15 Pro Max,USD,143,10,,$30.00,$30.00,$3.00
890,0.,$0.00,0,1982,Accessories,SamFire Case iPhone 16,USD,143,10,,$30.00,$30.00,$3.00
891,0.,$0.00,0,1983,Accessories,SamFire Case iPhone 16 Pro,USD,143,10,,$30.00,$30.00,$3.00
892,0.,$0.00,0,1984,Accessories,SamFire Case iPhone 16 Pro Max,USD,143,10,,$30.00,$30.00,$3.00
893,0.,$0.00,0,1985,Accessories,SamFire Case iPhone 17,USD,143,10,,$30.00,$30.00,$3.00
894,0.,$0.00,0,1986,Accessories,SamFire Case iPhone 17 Pro,USD,143,10,,$30.00,$30.00,$3.00
895,0.,$0.00,0,1987,Accessories,SamFire Case iPhone 17 Pro Max,USD,143,10,,$30.00,$30.00,$3.00
896,0.,$0.00,0,1988,Accessories,SamFire Case iPhone 17 Air,USD,143,10,,$30.00,$30.00,$3.00
897,0.,$0.00,0,1989,Accessories,Fashion Case iPhone 17,USD,143,10,,$30.00,$30.00,$3.00
898,0.,$0.00,0,1990,Accessories,Fashion Case iPhone 17 Pro,USD,143,10,,$30.00,$30.00,$3.00
899,0.,$0.00,0,1991,Accessories,Fashion Case iPhone 17 Pro Max,USD,143,7,,$21.00,$21.00,$3.00
900,0.,$0.00,0,1992,Accessories,Clear Case Magnetic 17 Pro Max,USD,143,9,,$18.00,$18.00,$2.00
901,0.,$0.00,0,1993,Accessories,Clear Case Magnetic 14,USD,143,1,,$2.00,$2.00,$2.00
902,0.,$0.00,0,1994,Accessories,Clear Case Galaxy S26 Ultra,USD,143,10,,$60.00,$60.00,$6.00
903,0.,$0.00,0,1995,Accessories,Silicone Case Galaxy S26 Ultra,USD,143,10,,$60.00,$60.00,$6.00
904,0.,$0.00,0,1996,Accessories,Mobile Case Highly Protective S25 Ultra,USD,143,3,,$9.00,$9.00,$3.00
905,0.,$0.00,0,1997,Accessories,New Case Creative Case S25 Ultra,USD,143,3,,$9.00,$9.00,$3.00
906,0.,$0.00,1,1096,Accessories,Alfa Line,USD,144,2,,$15.54,$15.54,$7.77
907,0.,$0.00,0,329,Accessories,Kit Bonds By Iqos Cosmic Black 1.6,USD,145,1,,$20.00,$20.00,$20.00
908,0.,$0.00,0,330,Accessories,Kit Bonds By Iqos Ruby Red 1.6,USD,145,1,,$20.00,$20.00,$20.00
909,0.,$0.00,0,331,Accessories,Kit Bonds By Iqos Ocean Blue 1.6,USD,145,1,,$20.00,$20.00,$20.00
910,0.,$0.00,0,1328,Accessories,Iqos ILUMA I Leaf Green,USD,145,1,,$55.00,$55.00,$55.00
911,0.,$0.00,0,1532,Accessories,Iqos Iluma I One Digital Violet,USD,145,1,,$30.00,$30.00,$30.00
912,0.,$0.00,0,1420,Accessories,Iqos Iluma I One Leaf Green,USD,145,1,,$30.00,$30.00,$30.00
913,0.,$0.00,0,1533,Accessories,Iqos Iluma I One Breeze Blue,USD,145,1,,$30.00,$30.00,$30.00
914,0.,$0.00,0,1421,Accessories,Iqos Iluma I One Midnight Black,USD,145,3,,$90.00,$90.00,$30.00
915,0.,$0.00,1,400,Accessories,Panasonic CR2032,USD,146,20,,$30.00,$30.00,$1.50
916,0.,$0.00,3,390,Accessories,Panasonic Alkaline Power AA | 4,USD,146,12,,$36.00,$36.00,$3.00
917,0.,$0.00,0,505,Accessories,Toshiba High Power AA | 4 Alkaline LR6/1.5v,USD,146,12,,$18.00,$18.00,$1.50
918,0.,$0.00,0,1998,Accessories,Panasonic CR123 A,USD,146,6,,$30.00,$30.00,$5.00
919,0.,$0.00,0,1953,Accessories,Odora Reed Diffuser,USD,147,18,,$54.00,$54.00,$3.00
920,0.,$0.00,1,1954,Accessories,Deo Group premium Diffuser,USD,147,4,,$60.00,$60.00,$15.00
921,0.,$0.00,0,1561,Accessories,Iphone 17 Pro Max 256 EID 357610215590584,USD,148,1,,"$1,610.00","$1,610.00","$1,610.00"
922,0.,$0.00,0,926,Accessories,Blends Purple Aroma,USD,149,20,,$19.20,$19.20,$0.96
923,0.,$0.00,0,929,Accessories,Blends Round Clasics,USD,149,10,,$9.60,$9.60,$0.96
924,0.,$0.00,0,1999,Accessories,samsung trio adapter 65w,USD,150,1,,$30.00,$30.00,$30.00
925,0.,$0.00,0,2000,Accessories,phone samsung s26 ultra,USD,150,1,,"$1,680.00","$1,680.00","$1,680.00"
926,0.,$0.00,0,1096,Accessories,Alfa Line,USD,151,2,,$15.54,$15.54,$7.77
927,0.,$0.00,1,1686,Accessories,"Tabe3 mebele 20,000LBP",usd,152,100,,$21.94,$21.94,$0.22
928,0.,$0.00,1,1687,Accessories,"Tabe3 mebele 50,000LBP",usd,152,100,,$54.86,$54.86,$0.55
929,0.,$0.00,0,1688,Accessories,"Tabe3 Mele 100,000LBP",usd,152,150,,$164.58,$164.58,$1.10
930,0.,$0.00,0,2001,Accessories,Hoco Power Bank PD 20000 J87A,USD,153,1,,$11.50,$11.50,$11.50
931,0.,$0.00,0,2002,Accessories,Foneng Earphone EP100,USD,153,3,,$3.75,$3.75,$1.25
932,0.,$0.00,0,2003,Accessories,Foneng Earphone T57,USD,153,3,,$3.75,$3.75,$1.25
933,0.,$0.00,3,1959,Accessories,Foneng Audio Cable USB-C to Jack BM31,USD,153,5,,$17.50,$17.50,$3.50
934,0.,$0.00,0,1964,Accessories,Foneng Power Bank Fast Charging 30000 mah GT300,USD,153,1,,$19.00,$19.00,$19.00
935,0.,$0.00,0,2004,Accessories,Foneng Cable USB XS01,USD,153,10,,$9.00,$9.00,$0.90
936,0.,$0.00,0,2005,Accessories,Hoco Car Holder H81,USD,153,2,,$8.00,$8.00,$4.00
937,0.,$0.00,0,1945,Accessories,MoXoM Extendable Holder StrongMan MX-VS27,USD,153,2,,$10.00,$10.00,$5.00
938,0.,$0.00,0,2006,Accessories,Bavin Car Holder PS-74,USD,153,2,,$8.00,$8.00,$4.00
939,0.,$0.00,0,2007,Accessories,Moxom Car Holder VS48,USD,153,2,,$10.00,$10.00,$5.00
940,0.,$0.00,0,2008,Accessories,Game Mouse Pad JT-P100 / CP-P200,USD,153,2,,$5.00,$5.00,$2.50
941,0.,$0.00,1,1935,Accessories,Hoco Mouse 2.4G Wireless BT Dual Mode Mouse DI04 Plus,USD,153,2,,$9.00,$9.00,$4.50
942,0.,$0.00,0,1936,Accessories,Hoco Mouse Confortable Grip Wired Mouse GM50,USD,153,2,,$6.00,$6.00,$3.00
943,0.,$0.00,0,2009,Accessories,Joyroom Car Phone Holder ZS198,USD,153,1,,$6.50,$6.50,$6.50
944,0.,$0.00,0,2010,Accessories,Heybingo 3 in 1 Protection S26 Ultra,USD,153,3,,$21.00,$21.00,$7.00
945,0.,$0.00,1,593,Accessories,Kingston Data Traveler Exodia Onyx 256 GB USB 3.2,USD,153,2,,$45.00,$45.00,$22.50
946,0.,$0.00,0,592,Accessories,Kingston Data Traveler Exodia Onyx 128 GB USB 3.2,USD,153,2,,$21.00,$21.00,$10.50
947,0.,$0.00,0,2011,Accessories,Apple Earpods USB-C iPhone Copy,USD,153,10,,$35.00,$35.00,$3.50
948,0.,$0.00,7,1953,Accessories,Odora Reed Diffuser,USD,154,17,,$51.00,$51.00,$3.00
949,0.,$0.00,0,1327,Accessories,Iqos ILUMA I Midnight Black,USD,155,1,,$55.00,$55.00,$55.00
950,0.,$0.00,0,1328,Accessories,Iqos ILUMA I Leaf Green,USD,155,2,,$110.00,$110.00,$55.00
951,0.,$0.00,1,1532,Accessories,Iqos Iluma I One Digital Violet,USD,155,1,,$30.00,$30.00,$30.00
952,0.,$0.00,1,1420,Accessories,Iqos Iluma I One Leaf Green,USD,155,1,,$30.00,$30.00,$30.00
953,0.,$0.00,2,1421,Accessories,Iqos Iluma I One Midnight Black,USD,155,2,,$60.00,$60.00,$30.00
954,0.,$0.00,11,923,Accessories,Terea Amber,USD,156,20,,$48.40,$48.40,$2.42
955,0.,$0.00,3,931,Accessories,Blends Mellow Classics,USD,156,10,,$9.60,$9.60,$0.96
956,0.,$0.00,4,917,Accessories,Terea Turquoise,USD,157,50,,$115.00,$115.00,$2.30
957,0.,$0.00,33,922,Accessories,Terea Purple,USD,157,10,,$24.50,$24.50,$2.45
958,0.,$0.00,38,918,Accessories,Terea Silver,USD,157,20,,$46.00,$46.00,$2.30
959,0.,$0.00,12,919,Accessories,Terea Yellow,USD,157,10,,$23.00,$23.00,$2.30
960,0.,$0.00,19,920,Accessories,Terea Sun Pearl,USD,157,10,,$25.50,$25.50,$2.55
961,0.,$0.00,0,921,Accessories,Terea Oasis Pearl,USD,157,20,,$66.00,$66.00,$3.30
962,0.,$0.00,1,1178,Accessories,Delia Classic Red,USD,157,10,,$17.00,$17.00,$1.70
963,0.,$0.00,0,1179,Accessories,Delia Classic Silver,USD,157,10,,$17.00,$17.00,$1.70
964,0.,$0.00,8,1180,Accessories,Delia Classic Gold,USD,157,10,,$17.00,$17.00,$1.70
965,0.,$0.00,8,929,Accessories,Blends Round Clasics,USD,157,10,,$9.60,$9.60,$0.96
966,0.,$0.00,0,417,Accessories,PS5 1Terra,USD,158,1,,$580.00,$580.00,$580.00
