AmountPaid,AmountReceived,AmountToPay,AmountToReceive,ClientID,CreatedBy,CreationDate,CreationTime,Description,DriverID,TransID,TransactionType
[],1200000,[],[],537,rony,2026-03-18 00:00:00,1899-12-30 08:10:49,,560,1650,Driver from Client
30000,[],[],[],545,rony,2026-03-18 00:00:00,1899-12-30 11:21:50,terea,560,1651,Driver from Client
[],[],300000,[],323,jenny,2026-03-18 00:00:00,1899-12-30 12:26:32,,561,1652,Driver to Driver
[],820000,[],[],398,jenny,2026-03-18 00:00:00,1899-12-30 12:29:14,,561,1653,Driver from Client
[],[],140000,[],99,jenny,2026-03-18 00:00:00,1899-12-30 12:30:55,,561,1654,Driver to Driver
[],870000,[],[],500,jenny,2026-03-18 00:00:00,1899-12-30 12:31:04,,561,1655,Driver from Client
[],70000,[],[],610,jenny,2026-03-18 00:00:00,1899-12-30 12:31:46,,561,1656,Driver from Client
[],140000,[],[],178,jenny,2026-03-18 00:00:00,1899-12-30 12:31:57,,561,1657,Driver from Client
[],480000,[],[],606,jenny,2026-03-18 00:00:00,1899-12-30 12:32:05,,561,1658,Driver from Client
[],50000,[],[],614,jenny,2026-03-18 00:00:00,1899-12-30 12:32:19,,561,1659,Driver from Client
[],120000,[],[],443,jenny,2026-03-18 00:00:00,1899-12-30 12:32:31,,561,1660,Driver from Client
[],80000,[],[],498,rony,2026-03-18 00:00:00,1899-12-30 13:00:56,,295,1661,Driver from Client
[],250000,[],[],451,rony,2026-03-18 00:00:00,1899-12-30 15:22:18,,561,1662,Driver from Client
1000000,[],[],[],300,rony,2026-03-18 00:00:00,1899-12-30 15:28:34,,560,1663,Driver to Driver
[],1440000,[],[],401,JOEY,2026-03-18 00:00:00,1899-12-30 15:44:57,,560,1664,Driver from Client
[],1150000,[],[],481,JOEY,2026-03-18 00:00:00,1899-12-30 16:11:18,,560,1665,Driver from Client
[],1090000,[],[],368,JOEY,2026-03-18 00:00:00,1899-12-30 17:30:45,,560,1666,Driver from Client
[],160000,[],[],474,rony,2026-03-18 00:00:00,1899-12-30 17:40:23,,324,1667,Driver from Client
1040000,[],[],[],324,rony,2026-03-18 00:00:00,1899-12-30 17:41:36,,560,1668,Driver to Driver
200000,[],[],[],545,joey,2026-03-18 00:00:00,1899-12-30 20:50:04,jenny,561,1669,Driver from Client
[],410000,[],[],81,rony,2026-03-19 00:00:00,1899-12-30 08:08:18,,560,1670,Driver from Client
[],[],90000,[],122,rony,2026-03-19 00:00:00,1899-12-30 09:56:52,MERY SALEME,560,1671,Driver to Driver
840000,[],[],[],303,rony,2026-03-19 00:00:00,1899-12-30 13:31:43,,560,1672,Driver to Driver
160000,[],[],[],303,rony,2026-03-19 00:00:00,1899-12-30 13:31:52,,560,1673,Driver to Driver
[],360000,[],[],429,ANTHONY,2026-03-19 00:00:00,1899-12-30 14:06:44,,560,1674,Driver from Client
350000,[],[],[],545,rony,2026-03-19 00:00:00,1899-12-30 15:17:17,JENNY,560,1675,Driver from Client
[],800000,[],[],345,rony,2026-03-19 00:00:00,1899-12-30 16:09:08,,313,1676,Driver from Client
2000000,[],[],[],545,rony,2026-03-19 00:00:00,1899-12-30 17:21:55,INSURANCE,560,1677,Driver from Client
11100,[],[],[],545,Norman,2026-03-19 00:00:00,1899-12-30 17:52:11,Water,560,1678,Driver from Client
[],380000,[],[],565,Norman,2026-03-19 00:00:00,1899-12-30 18:03:42,7588,560,1679,Driver from Client
2500000,[],[],[],545,MARO,2026-03-19 00:00:00,1899-12-30 18:36:33,home,561,1680,Driver from Client
500000,[],[],[],545,Norman,2026-03-19 00:00:00,1899-12-30 21:03:02,charbel,560,1681,Driver from Client
[],120000,[],[],346,ANTHONY,2026-03-20 00:00:00,1899-12-30 10:21:16,,560,1682,Driver from Client
[],1690000,[],[],507,ANTHONY,2026-03-20 00:00:00,1899-12-30 10:58:01,INVOICE NUMBER 7558,560,1683,Driver from Client
[],1200000,[],[],422,ANTHONY,2026-03-20 00:00:00,1899-12-30 15:08:03,INVOICE NUMBER 7499,560,1684,Driver from Client
[],1620000,[],[],363,ANTHONY,2026-03-20 00:00:00,1899-12-30 15:09:31,KARL ABOU JAOUDE,560,1685,Driver from Client
[],500000,[],[],51,JOEY,2026-03-20 00:00:00,1899-12-30 15:31:09,,560,1686,Driver from Client
2000000,[],[],[],545,JOEY,2026-03-20 00:00:00,1899-12-30 16:12:34,charbel cash,560,1687,Driver from Client
[],580000,[],[],454,charbel,2026-03-04 00:00:00,1899-12-30 07:02:43,,561,1500,Driver from Client
[],100000,[],[],406,charbel,2026-03-04 00:00:00,1899-12-30 07:03:00,,561,1501,Driver from Client
[],230000,[],[],197,charbel,2026-03-04 00:00:00,1899-12-30 08:46:05,,561,1502,Driver from Client
320000,[],[],[],307,joey,2026-03-04 00:00:00,1899-12-30 09:18:22,,560,1503,Driver to Driver
31000,[],[],[],545,joey,2026-03-04 00:00:00,1899-12-30 10:06:35,charbel maneouche,560,1504,Driver from Client
90000,[],[],[],545,joey,2026-03-04 00:00:00,1899-12-30 10:08:10,terea,560,1505,Driver from Client
1000000,[],[],[],545,joey,2026-03-04 00:00:00,1899-12-30 11:19:37,charbel,560,1506,Driver from Client
[],1200000,[],[],537,joey,2026-03-04 00:00:00,1899-12-30 11:19:55,,560,1507,Driver from Client
[],400000,[],[],476,Anthony,2026-03-04 00:00:00,1899-12-30 11:59:47,,560,1508,Driver from Client
[],100000,[],[],519,joey,2026-03-04 00:00:00,1899-12-30 13:11:06,,295,1509,Driver from Client
3000000,[],[],[],545,rony,2026-03-04 00:00:00,1899-12-30 14:47:02,charbel msallem garage,561,1510,Driver from Client
180000,[],[],[],545,rony,2026-03-04 00:00:00,1899-12-30 19:23:04,KAZ,560,1511,Driver from Client
1050000,[],[],[],545,rony,2026-03-04 00:00:00,1899-12-30 20:07:17,NARA,560,1512,Driver from Client
1060000,[],[],[],73,Norman,2026-03-04 00:00:00,1899-12-30 20:31:13,Roy,560,1513,Driver to Driver
200000,[],[],[],545,Norman,2026-03-04 00:00:00,1899-12-30 20:41:50,Jenny,561,1514,Driver from Client
200000,[],[],[],545,roy,2026-03-04 00:00:00,1899-12-30 21:12:36,Charbel 81379648,560,1515,Driver from Client
[],2100000,[],[],545,rony,2026-03-05 00:00:00,1899-12-30 08:09:47,NARA KARKAR,560,1516,Driver from Client
[],1020000,[],[],120,jenny,2026-03-05 00:00:00,1899-12-30 08:59:19,,561,1517,Driver from Client
[],2360000,[],[],485,jenny,2026-03-05 00:00:00,1899-12-30 08:59:31,,561,1518,Driver from Client
[],[],10000,[],11,jenny,2026-03-05 00:00:00,1899-12-30 08:59:40,,561,1519,Driver to Driver
[],80000,[],[],624,jenny,2026-03-05 00:00:00,1899-12-30 09:00:27,,561,1520,Driver from Client
[],1200000,[],[],422,rony,2026-03-05 00:00:00,1899-12-30 09:43:33,7499,560,1521,Driver from Client
[],300000,[],[],586,rony,2026-03-05 00:00:00,1899-12-30 11:10:17,,295,1522,Driver from Client
[],170000,[],[],404,rony,2026-03-05 00:00:00,1899-12-30 11:44:41,,560,1523,Driver from Client
1000000,[],[],[],545,rony,2026-03-05 00:00:00,1899-12-30 11:57:25,JENNY,560,1524,Driver from Client
[],280000,[],[],165,rony,2026-03-05 00:00:00,1899-12-30 12:42:54,,324,1525,Driver from Client
1000000,[],[],[],545,rony,2026-03-05 00:00:00,1899-12-30 12:44:46,7SEB,324,1526,Driver from Client
[],850000,[],[],367,rony,2026-03-05 00:00:00,1899-12-30 13:04:22,,151,1527,Driver from Client
[],500000,[],[],328,rony,2026-03-05 00:00:00,1899-12-30 13:57:16,,151,1528,Driver from Client
440000,[],[],[],545,Norman,2026-03-05 00:00:00,1899-12-30 13:57:40,Jenny delivery,560,1529,Driver from Client
10000000,[],[],[],545,Norman,2026-03-05 00:00:00,1899-12-30 15:08:25,Metre Joseph,560,1530,Driver from Client
30000,[],[],[],545,Norman,2026-03-05 00:00:00,1899-12-30 15:11:49,Jenny terea,560,1531,Driver from Client
1370000,[],[],[],545,Norman,2026-03-05 00:00:00,1899-12-30 17:32:54,.,304,1532,Driver from Client
400000,[],[],[],545,RONY,2026-03-05 00:00:00,1899-12-30 18:47:02,INTERNET,560,1533,Driver from Client
740000,[],[],[],545,rony,2026-03-06 00:00:00,1899-12-30 09:34:23,echtirak moteur beit,560,1534,Driver from Client
[],560000,[],[],438,rony,2026-03-06 00:00:00,1899-12-30 09:55:38,7447,560,1535,Driver from Client
2000000,[],[],[],545,rony,2026-03-06 00:00:00,1899-12-30 10:40:22,JENNY,560,1536,Driver from Client
2900000,[],[],[],545,ANTHONY,2026-03-06 00:00:00,1899-12-30 11:18:27,GARAGE CHARBEL,561,1537,Driver from Client
[],470000,[],[],368,JOEY,2026-03-06 00:00:00,1899-12-30 16:52:33,,560,1538,Driver from Client
30000,[],[],[],545,ANTHONY,2026-03-07 00:00:00,1899-12-30 15:50:18,TEREA CHARBEL,560,1539,Driver from Client
190000,[],[],[],545,rony,2026-03-07 00:00:00,1899-12-30 16:02:55,delivery jenny,560,1540,Driver from Client
[],2020000,[],[],521,jenny,2026-03-07 00:00:00,1899-12-30 16:57:25,,561,1541,Driver from Client
[],800000,[],[],583,jenny,2026-03-07 00:00:00,1899-12-30 16:57:34,,561,1542,Driver from Client
[],480000,[],[],500,jenny,2026-03-07 00:00:00,1899-12-30 16:57:43,,561,1543,Driver from Client
[],2180000,[],[],524,jenny,2026-03-07 00:00:00,1899-12-30 16:57:56,,561,1544,Driver from Client
[],150000,[],[],354,jenny,2026-03-07 00:00:00,1899-12-30 16:58:05,,561,1545,Driver from Client
[],200000,[],[],342,jenny,2026-03-07 00:00:00,1899-12-30 16:58:16,,561,1546,Driver from Client
[],340000,[],[],398,jenny,2026-03-07 00:00:00,1899-12-30 16:58:24,,561,1547,Driver from Client
720000,[],[],[],319,jenny,2026-03-07 00:00:00,1899-12-30 17:06:14,60$ georges rizk 12$ elie antipas,561,1548,Driver to Driver
[],1180000,[],[],565,Norman,2026-03-07 00:00:00,1899-12-30 17:50:50,,560,1549,Driver from Client
6000000,[],[],[],545,jenny,2026-03-07 00:00:00,1899-12-30 18:31:02,cle agency,560,1550,Driver from Client
[],30000,[],[],545,Norman,2026-03-07 00:00:00,1899-12-30 18:51:46,Sevan,561,1551,Driver from Client
[],[],200000,[],323,jenny,2026-03-07 00:00:00,1899-12-30 23:22:49,,561,1552,Driver to Driver
3070000,[],[],[],303,Norman,2026-03-09 00:00:00,1899-12-30 11:03:10,,560,1553,Driver to Driver
[],60000,[],[],545,Norman,2026-03-09 00:00:00,1899-12-30 11:03:52,Mary Jaouharje,303,1554,Driver from Client
200000,[],[],[],545,joey,2026-03-09 00:00:00,1899-12-30 15:32:30,whish jenny,561,1555,Driver from Client
10600000,[],[],[],545,RONY,2026-03-09 00:00:00,1899-12-30 16:41:23,WOOLF NAJM,560,1556,Driver from Client
[],2370000,[],[],447,RONY,2026-03-09 00:00:00,1899-12-30 17:34:03,,560,1557,Driver from Client
2000000,[],[],[],545,RONY,2026-03-09 00:00:00,1899-12-30 20:33:58,ROY,560,1558,Driver from Client
[],300000,[],[],448,jenny,2026-03-10 00:00:00,1899-12-30 07:21:50,,561,1559,Driver from Client
[],20000,[],[],427,jenny,2026-03-10 00:00:00,1899-12-30 07:27:04,,561,1560,Driver from Client
[],660000,[],[],523,jenny,2026-03-10 00:00:00,1899-12-30 07:27:15,,561,1561,Driver from Client
[],70000,[],[],610,jenny,2026-03-10 00:00:00,1899-12-30 07:27:24,,561,1562,Driver from Client
[],140000,[],[],614,jenny,2026-03-10 00:00:00,1899-12-30 07:27:33,,561,1563,Driver from Client
[],500000,[],[],499,jenny,2026-03-10 00:00:00,1899-12-30 07:27:43,,561,1564,Driver from Client
520000,[],[],[],545,rony,2026-03-10 00:00:00,1899-12-30 10:00:09,7SEB,320,1565,Driver from Client
250000,[],[],[],545,rony,2026-03-10 00:00:00,1899-12-30 10:12:17,JENNY,561,1566,Driver from Client
[],120000,[],[],429,rony,2026-03-10 00:00:00,1899-12-30 10:32:35,TAXI LYOM,560,1567,Driver from Client
60000,[],[],[],545,rony,2026-03-10 00:00:00,1899-12-30 11:02:56,terea,560,1568,Driver from Client
[],800000,[],[],51,rony,2026-03-10 00:00:00,1899-12-30 11:09:59,,560,1569,Driver from Client
[],[],27600,[],11,jenny,2026-03-10 00:00:00,1899-12-30 11:26:47,,561,1570,Driver to Driver
2500000,[],[],[],313,rony,2026-03-10 00:00:00,1899-12-30 11:51:33,,560,1571,Driver to Driver
250000,[],[],[],545,rony,2026-03-10 00:00:00,1899-12-30 12:03:52,ROY (CHARBEL DELIVERY ),560,1572,Driver from Client
[],450000,[],[],341,ANTHONY,2026-03-10 00:00:00,1899-12-30 14:31:53,,560,1573,Driver from Client
[],240000,[],[],592,rony,2026-03-10 00:00:00,1899-12-30 15:00:11,,560,1574,Driver from Client
[],1550000,[],[],345,rony,2026-03-10 00:00:00,1899-12-30 17:24:26,,319,1575,Driver from Client
66600,[],[],[],545,rony,2026-03-10 00:00:00,1899-12-30 17:34:40,IFEDE,560,1576,Driver from Client
150000,[],[],[],545,Norman,2026-03-10 00:00:00,1899-12-30 18:25:36,Ekhraj qayd,560,1577,Driver from Client
[],4660000,[],[],163,jenny,2026-03-10 00:00:00,1899-12-30 18:26:41,,561,1578,Driver from Client
[],[],80000,[],319,jenny,2026-03-10 00:00:00,1899-12-30 18:26:53,,561,1579,Driver to Driver
[],480000,[],[],398,jenny,2026-03-10 00:00:00,1899-12-30 18:27:37,,561,1580,Driver from Client
[],480000,[],[],606,jenny,2026-03-10 00:00:00,1899-12-30 18:28:38,,561,1581,Driver from Client
[],760000,[],[],346,rony,2026-03-10 00:00:00,1899-12-30 18:44:41,,560,1582,Driver from Client
[],150000,[],[],434,rony,2026-03-10 00:00:00,1899-12-30 19:49:28,,560,1583,Driver from Client
[],60000,[],[],68,jenny,2026-03-11 00:00:00,1899-12-30 11:52:26,,561,1584,Driver from Client
[],200000,[],[],365,Anthony,2026-03-11 00:00:00,1899-12-30 12:21:32,,324,1585,Driver from Client
200000,[],[],[],545,rony,2026-03-11 00:00:00,1899-12-30 13:51:34,JENNY,561,1586,Driver from Client
1380000,[],[],[],311,rony,2026-03-11 00:00:00,1899-12-30 14:14:59,,560,1587,Driver to Driver
[],120000,[],[],365,Norman,2026-03-11 00:00:00,1899-12-30 17:07:04,,122,1588,Driver from Client
[],570000,[],[],405,rony,2026-03-11 00:00:00,1899-12-30 17:40:17,invoice # 7391 /  7500,560,1589,Driver from Client
[],[],130000,[],144,jenny,2026-03-11 00:00:00,1899-12-30 18:24:50,,560,1590,Driver to Driver
[],350000,[],[],596,jenny,2026-03-11 00:00:00,1899-12-30 18:24:57,,561,1591,Driver from Client
[],2400000,[],[],499,jenny,2026-03-11 00:00:00,1899-12-30 18:25:11,,144,1592,Driver from Client
[],1010000,[],[],529,jenny,2026-03-11 00:00:00,1899-12-30 18:25:48,,561,1593,Driver from Client
[],210000,[],[],178,jenny,2026-03-11 00:00:00,1899-12-30 18:25:55,,561,1594,Driver from Client
30000,[],[],[],545,Norman,2026-03-11 00:00:00,1899-12-30 18:26:08,Charbel terea,560,1595,Driver from Client
1650000,[],[],[],545,ANTHONY,2026-03-12 00:00:00,1899-12-30 08:44:27,.,325,1596,Driver from Client
1200000,[],[],[],545,rony,2026-03-12 00:00:00,1899-12-30 10:27:36,SIMON NASR,560,1597,Driver from Client
60000,[],[],[],545,rony,2026-03-12 00:00:00,1899-12-30 12:07:43,terea,560,1598,Driver from Client
1220000,[],[],[],304,jenny,2026-03-12 00:00:00,1899-12-30 14:19:05,,561,1599,Driver to Driver
[],60000,[],[],165,jenny,2026-03-12 00:00:00,1899-12-30 14:19:16,,304,1600,Driver from Client
1040000,[],[],[],545,rony,2026-03-12 00:00:00,1899-12-30 16:42:22,7seb taxy,321,1601,Driver from Client
5000000,[],[],[],11,jenny,2026-03-12 00:00:00,1899-12-30 17:04:29,,560,1602,Driver to Driver
[],50000,[],[],614,jenny,2026-03-12 00:00:00,1899-12-30 17:05:30,,561,1603,Driver from Client
7700,[],[],[],545,Norman,2026-03-12 00:00:00,1899-12-30 17:25:49,Ice tea,560,1604,Driver from Client
[],1390000,[],[],46,Norman,2026-03-12 00:00:00,1899-12-30 20:10:06,,560,1605,Driver from Client
[],160000,[],[],50,jenny,2026-03-13 00:00:00,1899-12-30 10:52:05,,561,1606,Driver from Client
[],500000,[],[],416,jenny,2026-03-13 00:00:00,1899-12-30 10:52:14,,561,1607,Driver from Client
[],100000,[],[],413,jenny,2026-03-13 00:00:00,1899-12-30 10:52:23,,561,1608,Driver from Client
400000,[],[],[],545,ANTHONY,2026-03-13 00:00:00,1899-12-30 12:02:12,JENNY,561,1609,Driver from Client
[],1050000,[],[],393,ANTHONY,2026-03-13 00:00:00,1899-12-30 12:55:59,,560,1610,Driver from Client
[],2300000,[],[],399,jenny,2026-03-13 00:00:00,1899-12-30 16:24:33,,561,1611,Driver from Client
30000,[],[],[],545,JOEY,2026-03-13 00:00:00,1899-12-30 17:02:52,TEREA CHARBEL,560,1612,Driver from Client
150000,[],[],[],545,rony,2026-03-13 00:00:00,1899-12-30 17:22:40,CHARBEL,560,1613,Driver from Client
[],1300000,[],[],532,rony,2026-03-13 00:00:00,1899-12-30 17:23:43,,560,1614,Driver from Client
[],50000,[],[],457,rony,2026-03-13 00:00:00,1899-12-30 17:32:56,,560,1615,Driver from Client
1150000,[],[],[],297,rony,2026-03-13 00:00:00,1899-12-30 19:28:13,,560,1616,Driver to Driver
60000,[],[],[],545,joey,2026-03-14 00:00:00,1899-12-30 11:51:22,terea,560,1617,Driver from Client
[],3450000,[],[],501,Norman,2026-03-14 00:00:00,1899-12-30 12:57:19,,560,1618,Driver from Client
160000,[],[],[],545,joey,2026-03-14 00:00:00,1899-12-30 12:58:30,malek el tawouk delv,560,1619,Driver from Client
500000,[],[],[],545,,2026-03-14 00:00:00,1899-12-30 17:18:27,30 ghrad bet w 20 cash,560,1620,Driver from Client
230000,[],[],[],545,,2026-03-14 00:00:00,1899-12-30 17:21:29,zeina mtc $,560,1621,Driver from Client
[],[],[],[],297,roy,2026-03-15 00:00:00,1899-12-30 23:41:15,test,560,1622,Driver to Driver
1460000,[],[],[],293,Norman,2026-03-16 00:00:00,1899-12-30 09:44:14,,560,1623,Driver to Driver
[],300000,[],[],165,jenny,2026-03-16 00:00:00,1899-12-30 10:00:53,,321,1624,Driver from Client
[],740000,[],[],572,jenny,2026-03-16 00:00:00,1899-12-30 10:01:03,,561,1625,Driver from Client
[],1010000,[],[],529,jenny,2026-03-16 00:00:00,1899-12-30 10:01:13,,561,1626,Driver from Client
260000,[],[],[],301,Norman,2026-03-16 00:00:00,1899-12-30 12:17:57,,561,1627,Driver to Driver
320000,[],[],[],302,Norman,2026-03-16 00:00:00,1899-12-30 12:19:11,,561,1628,Driver to Driver
160000,[],[],[],616,Norman,2026-03-16 00:00:00,1899-12-30 12:20:33,,561,1629,Driver to Driver
530000,[],[],[],304,rony,2026-03-16 00:00:00,1899-12-30 12:26:05,,561,1630,Driver to Driver
170000,[],[],[],307,rony,2026-03-16 00:00:00,1899-12-30 12:38:39,10 7seb ma7al,561,1631,Driver to Driver
1100000,[],[],[],131,rony,2026-03-16 00:00:00,1899-12-30 12:49:50,,560,1632,Driver to Driver
[],[],40000,[],321,jenny,2026-03-16 00:00:00,1899-12-30 12:56:22,,561,1633,Driver to Driver
1100000,[],[],[],314,rony,2026-03-16 00:00:00,1899-12-30 13:03:23,,561,1634,Driver to Driver
330000,[],[],[],296,rony,2026-03-16 00:00:00,1899-12-30 13:07:33,,560,1635,Driver to Driver
[],130000,[],[],519,rony,2026-03-16 00:00:00,1899-12-30 13:08:10,,296,1636,Driver from Client
60000,[],[],[],32,rony,2026-03-16 00:00:00,1899-12-30 13:24:39,,561,1637,Driver to Driver
700000,[],[],[],621,rony,2026-03-16 00:00:00,1899-12-30 13:25:18,,560,1638,Driver from Client
160000,[],[],[],73,rony,2026-03-16 00:00:00,1899-12-30 13:30:39,,561,1639,Driver to Driver
[],360000,[],[],427,jenny,2026-03-16 00:00:00,1899-12-30 13:46:32,,561,1640,Driver from Client
420000,[],[],[],122,rony,2026-03-16 00:00:00,1899-12-30 14:19:07,,560,1641,Driver to Driver
450000,[],[],[],319,Norman,2026-03-16 00:00:00,1899-12-30 14:27:49,,561,1642,Driver to Driver
100000,[],[],[],545,rony,2026-03-16 00:00:00,1899-12-30 14:41:35,CHARBEL,560,1643,Driver from Client
1540000,[],[],[],295,rony,2026-03-16 00:00:00,1899-12-30 15:05:18,,560,1644,Driver to Driver
360000,[],[],[],297,rony,2026-03-16 00:00:00,1899-12-30 15:13:27,,561,1645,Driver to Driver
45000,[],[],[],545,RONY,2026-03-16 00:00:00,1899-12-30 16:45:22,ICE TEA + TEREA,560,1646,Driver from Client
90000,[],[],[],545,RONY,2026-03-16 00:00:00,1899-12-30 17:47:47,DAWA,560,1647,Driver from Client
1830000,[],[],[],151,rony,2026-03-17 00:00:00,1899-12-30 10:38:19,,560,1648,Driver to Driver
[],140000,[],[],344,Norman,2026-03-17 00:00:00,1899-12-30 17:55:32,,560,1649,Driver from Client
2000000,[],[],[],545,Norman,2026-03-20 00:00:00,1899-12-30 20:20:46,Charbel,560,1688,Driver from Client
[],61000,[],[],442,Norman,2026-03-21 00:00:00,1899-12-30 15:04:58,,303,1689,Driver from Client
250000,[],[],[],545,JOEY,2026-03-21 00:00:00,1899-12-30 18:29:52,phone bill 76999240,560,1690,Driver from Client
250000,[],[],[],545,JOEY,2026-03-21 00:00:00,1899-12-30 18:33:11,phone bill 78999240,560,1691,Driver from Client
380000,[],[],[],545,JOEY,2026-03-21 00:00:00,1899-12-30 18:34:00,phone bill 76070579,560,1692,Driver from Client
56000,[],[],[],545,JOEY,2026-03-21 00:00:00,1899-12-30 18:35:10,ogero 04711350,560,1693,Driver from Client
6000000,[],[],[],545,rony,2026-03-23 00:00:00,1899-12-30 11:47:39,SOCIAL MEDIA,561,1694,Driver from Client
[],900000,[],[],596,jenny,2026-03-23 00:00:00,1899-12-30 11:58:13,,561,1695,Driver from Client
[],770000,[],[],471,jenny,2026-03-23 00:00:00,1899-12-30 11:58:31,,561,1696,Driver from Client
[],1270000,[],[],485,jenny,2026-03-23 00:00:00,1899-12-30 11:58:45,,561,1697,Driver from Client
[],280000,[],[],389,jenny,2026-03-23 00:00:00,1899-12-30 11:59:00,,561,1698,Driver from Client
[],1000000,[],[],524,jenny,2026-03-23 00:00:00,1899-12-30 11:59:15,,561,1699,Driver from Client
[],[],30000,[],11,jenny,2026-03-23 00:00:00,1899-12-30 11:59:31,demy khalife,561,1700,Driver to Driver
[],320000,[],[],427,jenny,2026-03-23 00:00:00,1899-12-30 11:59:42,,561,1701,Driver from Client
[],280000,[],[],625,jenny,2026-03-23 00:00:00,1899-12-30 12:00:36,,561,1702,Driver from Client
[],80000,[],[],161,jenny,2026-03-23 00:00:00,1899-12-30 12:00:49,,561,1703,Driver from Client
[],720000,[],[],398,jenny,2026-03-23 00:00:00,1899-12-30 12:00:57,,561,1704,Driver from Client
[],30000,[],[],625,jenny,2026-03-23 00:00:00,1899-12-30 12:01:06,,561,1705,Driver from Client
[],400000,[],[],476,jenny,2026-03-23 00:00:00,1899-12-30 12:01:14,,561,1706,Driver from Client
[],200000,[],[],197,jenny,2026-03-23 00:00:00,1899-12-30 12:01:27,,561,1707,Driver from Client
[],100000,[],[],125,jenny,2026-03-23 00:00:00,1899-12-30 12:01:36,,561,1708,Driver from Client
[],1720000,[],[],521,jenny,2026-03-23 00:00:00,1899-12-30 12:01:45,,561,1709,Driver from Client
[],650000,[],[],120,jenny,2026-03-23 00:00:00,1899-12-30 12:01:54,,561,1710,Driver from Client
[],200000,[],[],568,jenny,2026-03-23 00:00:00,1899-12-30 12:02:06,,561,1711,Driver from Client
[],500000,[],[],427,jenny,2026-03-23 00:00:00,1899-12-30 12:02:14,,561,1712,Driver from Client
[],[],20000,[],11,jenny,2026-03-23 00:00:00,1899-12-30 12:02:30,darine raji,561,1713,Driver to Driver
[],80000,[],[],610,jenny,2026-03-23 00:00:00,1899-12-30 12:02:40,,561,1714,Driver from Client
[],50000,[],[],406,jenny,2026-03-23 00:00:00,1899-12-30 12:02:48,,561,1715,Driver from Client
[],4150000,[],[],163,jenny,2026-03-23 00:00:00,1899-12-30 12:03:03,,561,1716,Driver from Client
[],720000,[],[],606,jenny,2026-03-23 00:00:00,1899-12-30 12:03:20,,561,1717,Driver from Client
1110000,[],[],[],311,ANTHONY,2026-03-23 00:00:00,1899-12-30 13:06:00,,560,1718,Driver to Driver
[],90000,[],[],621,rony,2026-03-23 00:00:00,1899-12-30 13:18:48,MARIA JAWHARJI,560,1719,Driver from Client
[],1110000,[],[],464,jenny,2026-03-23 00:00:00,1899-12-30 13:22:11,,561,1720,Driver from Client
[],90000,[],[],50,jenny,2026-03-23 00:00:00,1899-12-30 13:22:53,,561,1721,Driver from Client
[],750000,[],[],399,jenny,2026-03-23 00:00:00,1899-12-30 13:42:58,,561,1722,Driver from Client
[],1520000,[],[],328,ANTHONY,2026-03-23 00:00:00,1899-12-30 14:25:26,,560,1723,Driver from Client
[],130000,[],[],347,rony,2026-03-23 00:00:00,1899-12-30 14:27:57,,300,1724,Driver from Client
1300000,[],[],[],545,rony,2026-03-23 00:00:00,1899-12-30 14:49:22,Moto,561,1725,Driver from Client
180000,[],[],[],545,Norman,2026-03-23 00:00:00,1899-12-30 16:03:28,Jenny delivery,560,1726,Driver from Client
[],340000,[],[],344,Norman,2026-03-23 00:00:00,1899-12-30 16:08:49,,560,1727,Driver from Client
250000,[],[],[],545,rony,2026-03-23 00:00:00,1899-12-30 18:21:43,JENNY,561,1728,Driver from Client
[],790000,[],[],454,Norman,2026-03-23 00:00:00,1899-12-30 18:44:43,7580,560,1729,Driver from Client
[],210000,[],[],330,rony,2026-03-23 00:00:00,1899-12-30 20:45:06,,560,1730,Driver from Client
1000000,[],[],[],545,rony,2026-03-24 00:00:00,1899-12-30 08:16:10,charbel (71529200),561,1731,Driver from Client
510000,[],[],[],144,jenny,2026-03-24 00:00:00,1899-12-30 10:29:33,,560,1732,Driver to Driver
300000,[],[],[],545,rony,2026-03-24 00:00:00,1899-12-30 10:39:19,CHARBEL DELIVERY,560,1733,Driver from Client
800000,[],[],[],545,rony,2026-03-24 00:00:00,1899-12-30 10:46:14,GAZ,560,1734,Driver from Client
70000,[],[],[],545,rony,2026-03-24 00:00:00,1899-12-30 11:48:28,16 PRO MAX PRIVACY,560,1735,Driver from Client
[],120000,[],[],429,ANTHONY,2026-03-24 00:00:00,1899-12-30 12:29:40,.,560,1736,Driver from Client
500000,[],[],[],545,rony,2026-03-24 00:00:00,1899-12-30 12:39:56,JENNY,561,1737,Driver from Client
60000,[],[],[],545,ANTHONY,2026-03-24 00:00:00,1899-12-30 12:43:58,TEREA,560,1738,Driver from Client
[],180000,[],[],393,rony,2026-03-24 00:00:00,1899-12-30 13:16:14,,560,1739,Driver from Client
[],280000,[],[],572,jenny,2026-03-24 00:00:00,1899-12-30 13:27:43,,561,1740,Driver from Client
[],150000,[],[],213,jenny,2026-03-24 00:00:00,1899-12-30 13:45:45,,561,1741,Driver from Client
[],110000,[],[],342,ANTHONY,2026-03-24 00:00:00,1899-12-30 14:35:20,.,560,1742,Driver from Client
170000,[],[],[],545,RONY,2026-03-24 00:00:00,1899-12-30 15:13:55,KLINEX,560,1743,Driver from Client
[],720000,[],[],370,RONY,2026-03-24 00:00:00,1899-12-30 15:56:00,,319,1744,Driver from Client
[],1480000,[],[],447,joey,2026-03-24 00:00:00,1899-12-30 18:38:36,,560,1745,Driver from Client
500000,[],[],[],545,joey,2026-03-24 00:00:00,1899-12-30 18:40:32,jenny,560,1746,Driver from Client
[],1150000,[],[],501,Norman,2026-03-25 00:00:00,1899-12-30 12:36:10,7593,560,1747,Driver from Client
200000,[],[],[],545,rony,2026-03-25 00:00:00,1899-12-30 12:37:25,jenny,561,1748,Driver from Client
600000,[],[],[],545,rony,2026-03-25 00:00:00,1899-12-30 14:51:17,ghantous,561,1749,Driver from Client
600000,[],[],[],11,joey,2026-03-25 00:00:00,1899-12-30 15:58:18,battariye,560,1750,Driver to Driver
50000,[],[],[],545,,2026-03-25 00:00:00,1899-12-30 17:18:15,Prot/cover a16,560,1751,Driver from Client
[],550000,[],[],68,rony,2026-03-25 00:00:00,1899-12-30 18:36:36,,561,1752,Driver from Client
[],[],1000000,[],99,rony,2026-03-25 00:00:00,1899-12-30 22:25:38,,560,1753,Driver to Driver
[],[],200000,[],99,rony,2026-03-26 00:00:00,1899-12-30 14:35:27,,314,1754,Driver to Driver
150000,[],[],[],545,Norman,2026-03-26 00:00:00,1899-12-30 16:29:40,Jenny whish,560,1755,Driver from Client
[],220000,[],[],442,Norman,2026-03-26 00:00:00,1899-12-30 18:44:49,,296,1756,Driver from Client
200000,[],[],[],545,Norman,2026-03-26 00:00:00,1899-12-30 18:55:02,Jenny,560,1757,Driver from Client
[],480000,[],[],130,jenny,2026-03-27 00:00:00,1899-12-30 07:50:22,,32,1758,Driver from Client
[],[],10000,[],11,jenny,2026-03-27 00:00:00,1899-12-30 07:50:35,,561,1759,Driver to Driver
30000,[],[],[],545,RONY,2026-03-27 00:00:00,1899-12-30 12:16:21,TEREA,560,1760,Driver from Client
10000000,[],[],[],545,RONY,2026-03-27 00:00:00,1899-12-30 12:34:05,dynamic eye,560,1761,Driver from Client
330000,[],[],[],545,RONY,2026-03-27 00:00:00,1899-12-30 12:48:41,jenny,561,1762,Driver from Client
[],150000,[],[],344,ANTHONY,2026-03-27 00:00:00,1899-12-30 14:37:04,.,560,1763,Driver from Client
30000,[],[],[],545,Norman,2026-03-27 00:00:00,1899-12-30 17:20:18,Terea,560,1764,Driver from Client
400000,[],[],[],545,ROY,2026-03-27 00:00:00,1899-12-30 20:37:41,Charbel Internet Home,560,1765,Driver from Client
4000000,[],[],[],545,ROY,2026-03-27 00:00:00,1899-12-30 20:38:04,Maro Msallem,560,1766,Driver from Client
[],330000,[],[],46,jenny,2026-03-27 00:00:00,1899-12-30 21:03:45,,560,1767,Driver from Client
[],330000,[],[],46,jenny,2026-03-27 00:00:00,1899-12-30 21:03:56,,560,1768,Driver from Client
330000,[],[],[],46,jenny,2026-03-27 00:00:00,1899-12-30 21:05:37,tozbit,560,1769,Driver from Client
30000,[],[],[],545,joey,2026-03-28 00:00:00,1899-12-30 08:11:50,case 14 pro max samfire,560,1770,Driver from Client
[],480000,[],[],586,joey,2026-03-28 00:00:00,1899-12-30 14:48:27,,144,1771,Driver from Client
[],100000,[],[],440,Norman,2026-03-28 00:00:00,1899-12-30 16:25:39,,560,1772,Driver from Client
[],2600000,[],[],10,Norman,2026-03-28 00:00:00,1899-12-30 17:14:04,,303,1773,Driver from Client
500000,[],[],[],545,maro,2026-03-28 00:00:00,1899-12-30 17:39:45,charbel,561,1774,Driver from Client
1000000,[],[],[],545,Norman,2026-03-28 00:00:00,1899-12-30 17:43:44,Charbel,560,1775,Driver from Client
120000,[],[],[],545,RONY,2026-03-28 00:00:00,1899-12-30 18:54:50,CHARJER LIGHTNING,560,1776,Driver from Client
56000,[],[],[],545,rony,2026-03-30 00:00:00,1899-12-30 12:56:23,terea,560,1777,Driver from Client
[],480000,[],[],398,jenny,2026-03-30 00:00:00,1899-12-30 14:59:13,,561,1778,Driver from Client
[],260000,[],[],427,jenny,2026-03-30 00:00:00,1899-12-30 14:59:25,,561,1779,Driver from Client
[],1440000,[],[],413,jenny,2026-03-30 00:00:00,1899-12-30 14:59:36,,561,1780,Driver from Client
[],60000,[],[],179,jenny,2026-03-30 00:00:00,1899-12-30 14:59:44,,561,1781,Driver from Client
[],[],150000,[],11,jenny,2026-03-30 00:00:00,1899-12-30 15:03:07,wadih khoury,561,1782,Driver to Driver
[],40000,[],[],427,jenny,2026-03-30 00:00:00,1899-12-30 15:03:17,,561,1783,Driver from Client
[],880000,[],[],606,jenny,2026-03-30 00:00:00,1899-12-30 15:04:03,,561,1784,Driver from Client
56000,[],[],[],545,rony,2026-03-31 00:00:00,1899-12-30 12:15:28,terea,560,1785,Driver from Client
[],120000,[],[],592,rony,2026-03-31 00:00:00,1899-12-30 15:22:57,,560,1786,Driver from Client
100000,[],[],[],545,rony,2026-03-31 00:00:00,1899-12-30 15:28:14,7alib,560,1787,Driver from Client
[],70000,[],[],597,jenny,2026-03-31 00:00:00,1899-12-30 16:05:36,,561,1788,Driver from Client
[],[],750000,[],11,jenny,2026-03-31 00:00:00,1899-12-30 16:08:04,,561,1789,Driver to Driver
[],524400,[],[],500,jenny,2026-03-31 00:00:00,1899-12-30 18:05:42,,561,1790,Driver from Client
1370000,[],[],[],295,jenny,2026-03-31 00:00:00,1899-12-30 18:38:24,,560,1791,Driver to Driver
2070000,[],[],[],293,jenny,2026-03-31 00:00:00,1899-12-30 18:48:24,,560,1792,Driver to Driver
150000,[],[],[],290,Norman,2026-03-31 00:00:00,1899-12-30 18:50:33,,561,1793,Driver to Driver
178900,[],[],[],302,rony,2026-03-31 00:00:00,1899-12-30 19:36:19,,560,1794,Driver to Driver
570000,[],[],[],302,rony,2026-03-31 00:00:00,1899-12-30 19:36:47,,561,1795,Driver to Driver
300000,[],[],[],301,rony,2026-03-31 00:00:00,1899-12-30 19:37:59,,561,1796,Driver to Driver
140000,[],[],[],256,Norman,2026-03-31 00:00:00,1899-12-30 19:50:01,,561,1797,Driver to Driver
620000,[],[],[],616,Norman,2026-03-31 00:00:00,1899-12-30 19:51:36,,561,1798,Driver to Driver
210000,[],[],[],316,rony,2026-03-31 00:00:00,1899-12-30 20:01:01,,561,1799,Driver to Driver
230000,[],[],[],297,rony,2026-03-31 00:00:00,1899-12-30 20:03:43,,561,1800,Driver to Driver
1630000,[],[],[],122,rony,2026-03-31 00:00:00,1899-12-30 20:15:58,,560,1801,Driver to Driver
700000,[],[],[],296,rony,2026-03-31 00:00:00,1899-12-30 20:22:55,,560,1802,Driver to Driver
1530000,[],[],[],319,Norman,2026-03-31 00:00:00,1899-12-30 20:47:19,,561,1803,Driver to Driver
1800000,[],[],[],314,Norman,2026-03-31 00:00:00,1899-12-30 21:00:18,,561,1804,Driver to Driver
50000,[],[],[],319,Norman,2026-03-31 00:00:00,1899-12-30 21:00:30,,561,1805,Driver to Driver
60000,[],[],[],258,Norman,2026-03-31 00:00:00,1899-12-30 21:02:32,,561,1806,Driver to Driver
170000,[],[],[],626,jenny,2026-03-31 00:00:00,1899-12-30 21:23:58,,561,1807,Driver from Client
110000,[],[],[],32,jenny,2026-03-31 00:00:00,1899-12-30 21:26:10,,561,1808,Driver to Driver
1000000,[],[],[],545,roy,2026-03-31 00:00:00,1899-12-30 22:24:22,Charbel Msallem,560,1809,Driver from Client
1880000,[],[],[],621,jenny,2026-04-01 00:00:00,1899-12-30 08:11:28,,561,1810,Driver from Client
28000,[],[],[],545,rony,2026-04-01 00:00:00,1899-12-30 08:28:02,terea,560,1811,Driver from Client
[],[],60000,[],321,jenny,2026-04-01 00:00:00,1899-12-30 08:40:15,,561,1812,Driver to Driver
[],[],60000,[],317,jenny,2026-04-01 00:00:00,1899-12-30 08:40:23,,561,1813,Driver to Driver
[],[],20000,[],310,jenny,2026-04-01 00:00:00,1899-12-30 08:40:30,,561,1814,Driver to Driver
380000,[],[],[],99,joey,2026-04-01 00:00:00,1899-12-30 08:53:16,,560,1815,Driver to Driver
1430000,[],[],[],144,joey,2026-04-01 00:00:00,1899-12-30 08:56:03,,561,1816,Driver to Driver
150000,[],[],[],297,rony,2026-04-01 00:00:00,1899-12-30 09:07:30,,561,1817,Driver to Driver
160000,[],[],[],304,rony,2026-04-01 00:00:00,1899-12-30 09:31:02,,561,1818,Driver to Driver
800000,[],[],[],73,rony,2026-04-01 00:00:00,1899-12-30 09:35:47,,561,1819,Driver to Driver
127800,[],[],[],311,jenny,2026-04-01 00:00:00,1899-12-30 09:37:33,,560,1820,Driver to Driver
100000,[],[],[],131,jenny,2026-04-01 00:00:00,1899-12-30 09:37:59,,560,1821,Driver to Driver
1140000,[],[],[],131,joey,2026-04-01 00:00:00,1899-12-30 09:48:41,,560,1822,Driver to Driver
1870000,[],[],[],151,joey,2026-04-01 00:00:00,1899-12-30 11:12:00,,560,1823,Driver to Driver
[],2000000,[],[],431,joey,2026-04-01 00:00:00,1899-12-30 11:32:15,,560,1824,Driver from Client
[],400000,[],[],548,jenny,2026-04-01 00:00:00,1899-12-30 12:48:46,,561,1825,Driver from Client
[],120000,[],[],545,jenny,2026-04-01 00:00:00,1899-12-30 13:19:59,Tranyoo charger,560,1826,Driver from Client
60000,[],[],[],545,joey,2026-04-01 00:00:00,1899-12-30 13:23:38,terea 2,560,1827,Driver from Client
500000,[],[],[],545,Norman,2026-04-01 00:00:00,1899-12-30 15:03:48,Jenny,560,1828,Driver from Client
800000,[],[],[],545,Norman,2026-04-01 00:00:00,1899-12-30 15:30:46,Joseph,561,1829,Driver from Client
2710000,[],[],[],311,rony,2026-04-01 00:00:00,1899-12-30 16:11:37,,560,1830,Driver to Driver
320000,[],[],[],131,rony,2026-04-02 00:00:00,1899-12-30 10:50:49,,560,1831,Driver to Driver
2300000,[],[],[],545,Norman,2026-04-02 00:00:00,1899-12-30 14:43:57,Mounir,560,1832,Driver from Client
[],80000,[],[],610,jenny,2026-04-02 00:00:00,1899-12-30 16:56:10,paid 35,561,1833,Driver from Client
[],300000,[],[],226,jenny,2026-04-02 00:00:00,1899-12-30 16:56:25,,561,1834,Driver from Client
[],360000,[],[],398,jenny,2026-04-02 00:00:00,1899-12-30 16:56:34,,561,1835,Driver from Client
[],[],120000,[],11,jenny,2026-04-02 00:00:00,1899-12-30 16:57:29,zalka achrafiye 34,561,1836,Driver to Driver
[],40000,[],[],427,jenny,2026-04-02 00:00:00,1899-12-30 16:57:38,,561,1837,Driver from Client
[],6320000,[],[],163,jenny,2026-04-02 00:00:00,1899-12-30 16:59:20,,11,1838,Driver from Client
300000,[],[],[],545,RONY,2026-04-02 00:00:00,1899-12-30 17:24:33,FETOURET KAHRABA CHARBEL,561,1839,Driver from Client
[],300000,[],[],451,RONY,2026-04-02 00:00:00,1899-12-30 18:43:15,,561,1840,Driver from Client
[],630000,[],[],430,jenny,2026-04-02 00:00:00,1899-12-30 19:26:58,,561,1841,Driver from Client
[],155000,[],[],165,RONY,2026-04-02 00:00:00,1899-12-30 19:31:41,,73,1842,Driver from Client
[],500000,[],[],46,RONY,2026-04-02 00:00:00,1899-12-30 19:33:54,,560,1843,Driver from Client
[],360000,[],[],454,jenny,2026-04-02 00:00:00,1899-12-30 19:41:31,,561,1844,Driver from Client
[],50000,[],[],375,jenny,2026-04-02 00:00:00,1899-12-30 20:03:59,,561,1845,Driver from Client
[],830000,[],[],481,RONY,2026-04-02 00:00:00,1899-12-30 20:29:14,,560,1846,Driver from Client
[],1000000,[],[],51,roy,2026-04-02 00:00:00,1899-12-30 21:51:18,,560,1847,Driver from Client
84000,[],[],[],545,rony,2026-04-03 00:00:00,1899-12-30 08:16:02,terea,560,1848,Driver from Client
[],2040000,[],[],401,rony,2026-04-03 00:00:00,1899-12-30 10:22:39,invoice  # 7699,560,1849,Driver from Client
1000000,[],[],[],545,joey,2026-04-03 00:00:00,1899-12-30 12:55:19,MOTEUR BEIT,560,1850,Driver from Client
[],360000,[],[],344,joey,2026-04-03 00:00:00,1899-12-30 13:39:27,INVOICE # 7694,560,1851,Driver from Client
[],1720000,[],[],367,ANTHONY,2026-04-03 00:00:00,1899-12-30 15:00:39,INVOICE # 7623,560,1852,Driver from Client
[],350000,[],[],45,RONY,2026-04-03 00:00:00,1899-12-30 18:44:20,,560,1853,Driver from Client
[],1880000,[],[],507,joey,2026-04-04 00:00:00,1899-12-30 08:41:12,invoice #7653,560,1854,Driver from Client
[],1800000,[],[],422,joey,2026-04-04 00:00:00,1899-12-30 10:31:30,invoice #7693,560,1855,Driver from Client
[],1300000,[],[],537,rony,2026-04-04 00:00:00,1899-12-30 11:23:32,invoice # 7689,560,1856,Driver from Client
[],1250000,[],[],565,rony,2026-04-04 00:00:00,1899-12-30 16:37:56,Invoice # 7680 / 7692 nos linvoice,560,1857,Driver from Client
[],1090000,[],[],81,Norman,2026-04-04 00:00:00,1899-12-30 16:42:27,,560,1858,Driver from Client
[],900000,[],[],436,rony,2026-04-04 00:00:00,1899-12-30 18:37:17,SIMON NASR,560,1859,Driver from Client
[],120000,[],[],346,Norman,2026-04-04 00:00:00,1899-12-30 19:39:16,,560,1860,Driver from Client
1000000,[],[],[],545,JENNY,2026-04-04 00:00:00,1899-12-30 20:30:57,MOTO,560,1861,Driver from Client
[],[],790000,[],11,jenny,2026-04-04 00:00:00,1899-12-30 20:39:53,roni jalbout,560,1862,Driver to Driver
[],1800000,[],[],163,jenny,2026-04-04 00:00:00,1899-12-30 20:41:37,,561,1863,Driver from Client
[],120000,[],[],389,jenny,2026-04-04 00:00:00,1899-12-30 20:44:28,,561,1864,Driver from Client
[],900000,[],[],120,jenny,2026-04-04 00:00:00,1899-12-30 20:44:35,,561,1865,Driver from Client
[],1850000,[],[],521,jenny,2026-04-04 00:00:00,1899-12-30 20:44:45,,561,1866,Driver from Client
[],140000,[],[],197,jenny,2026-04-04 00:00:00,1899-12-30 20:45:00,,561,1867,Driver from Client
[],120000,[],[],285,jenny,2026-04-04 00:00:00,1899-12-30 20:45:08,,561,1868,Driver from Client
56000,[],[],[],545,rony,2026-04-06 00:00:00,1899-12-30 08:13:42,terea,560,1869,Driver from Client
[],5000000,[],[],345,jenny,2026-04-06 00:00:00,1899-12-30 15:09:20,,144,1870,Driver from Client
6000000,[],[],[],111,jenny,2026-04-06 00:00:00,1899-12-30 15:09:32,,560,1871,Driver from Client
[],1820000,[],[],485,jenny,2026-04-06 00:00:00,1899-12-30 15:09:42,,561,1872,Driver from Client
[],1370000,[],[],524,jenny,2026-04-06 00:00:00,1899-12-30 15:09:52,,561,1873,Driver from Client
[],70000,[],[],343,jenny,2026-04-06 00:00:00,1899-12-30 15:10:01,,561,1874,Driver from Client
[],70000,[],[],456,jenny,2026-04-06 00:00:00,1899-12-30 15:10:12,,561,1875,Driver from Client
1000000,[],[],[],11,jenny,2026-04-06 00:00:00,1899-12-30 15:10:20,,560,1876,Driver to Driver
1000000,[],[],[],545,JENNY,2026-04-06 00:00:00,1899-12-30 15:51:45,CHARBEL,560,1877,Driver from Client
1000000,[],[],[],545,JENNY,2026-04-06 00:00:00,1899-12-30 15:52:24,KMELIT HA2 L MOTO,560,1878,Driver from Client
200000,[],[],[],545,RONY,2026-04-06 00:00:00,1899-12-30 20:06:27,CHARBEL,561,1879,Driver from Client
[],120000,[],[],429,rony,2026-04-07 00:00:00,1899-12-30 11:31:48,,560,1880,Driver from Client
2060000,[],[],[],313,ANTHONY,2026-04-07 00:00:00,1899-12-30 13:01:39,,560,1881,Driver to Driver
1000000,[],[],[],545,Norman,2026-04-07 00:00:00,1899-12-30 16:01:45,Jenny,561,1882,Driver from Client
[],280000,[],[],431,Norman,2026-04-07 00:00:00,1899-12-30 17:51:38,,560,1883,Driver from Client
1230000,[],[],[],324,Norman,2026-04-07 00:00:00,1899-12-30 18:06:04,,560,1884,Driver to Driver
[],1100000,[],[],368,RONY,2026-04-07 00:00:00,1899-12-30 19:12:00,,560,1885,Driver from Client
[],[],160000,[],136,jenny,2026-04-07 00:00:00,1899-12-30 19:13:42,,561,1886,Driver to Driver
[],800000,[],[],606,jenny,2026-04-07 00:00:00,1899-12-30 19:14:32,,561,1887,Driver from Client
[],260000,[],[],485,jenny,2026-04-07 00:00:00,1899-12-30 19:14:53,,561,1888,Driver from Client
[],310000,[],[],568,jenny,2026-04-07 00:00:00,1899-12-30 19:15:03,,561,1889,Driver from Client
[],300000,[],[],398,jenny,2026-04-07 00:00:00,1899-12-30 19:15:14,,561,1890,Driver from Client
1390000,[],[],[],300,RONY,2026-04-07 00:00:00,1899-12-30 20:44:01,,560,1891,Driver to Driver
2750000,[],[],[],303,ANTHONY,2026-04-08 00:00:00,1899-12-30 10:49:42,,560,1892,Driver to Driver
1000000,[],[],[],545,Norman,2026-04-08 00:00:00,1899-12-30 14:30:13,Charbel Cash,560,1893,Driver from Client
5000000,[],[],[],545,JOEY,2026-04-08 00:00:00,1899-12-30 14:33:29,to antonella jaalouk,561,1894,Driver from Client
3550000,[],[],[],545,ANTHONY,2026-04-08 00:00:00,1899-12-30 14:35:07,BENZIN MAZOUT,560,1895,Driver from Client
[],240000,[],[],393,joey,2026-04-08 00:00:00,1899-12-30 15:18:40,,560,1896,Driver from Client
220000,[],[],[],545,rony,2026-04-08 00:00:00,1899-12-30 15:48:41,batterie for ups,560,1897,Driver from Client
[],150000,[],[],328,ANTHONY,2026-04-08 00:00:00,1899-12-30 15:54:48,,560,1898,Driver from Client
[],1000000,[],[],565,rony,2026-04-08 00:00:00,1899-12-30 16:46:53,,73,1899,Driver from Client
[],2680000,[],[],21,rony,2026-04-08 00:00:00,1899-12-30 17:04:18,,295,1900,Driver from Client
[],1580000,[],[],501,anthony,2026-04-09 00:00:00,1899-12-30 11:33:19,INVOICE #7688,560,1901,Driver from Client
60000,[],[],[],545,rony,2026-04-09 00:00:00,1899-12-30 13:33:13,order jenny,560,1902,Driver from Client
60000,[],[],[],545,rony,2026-04-09 00:00:00,1899-12-30 14:52:34,TEREA,560,1903,Driver from Client
1000000,[],[],[],545,Norman,2026-04-09 00:00:00,1899-12-30 16:49:34,Jenny,561,1904,Driver from Client
[],100000,[],[],161,jenny,2026-04-09 00:00:00,1899-12-30 19:05:47,,561,1905,Driver from Client
[],150000,[],[],440,jenny,2026-04-09 00:00:00,1899-12-30 19:05:58,,561,1906,Driver from Client
[],880000,[],[],471,jenny,2026-04-09 00:00:00,1899-12-30 19:06:07,,561,1907,Driver from Client
[],1320000,[],[],499,jenny,2026-04-09 00:00:00,1899-12-30 19:06:22,,561,1908,Driver from Client
[],240000,[],[],427,jenny,2026-04-09 00:00:00,1899-12-30 19:06:32,,561,1909,Driver from Client
[],60000,[],[],423,jenny,2026-04-09 00:00:00,1899-12-30 19:06:40,,561,1910,Driver from Client
[],830000,[],[],443,jenny,2026-04-09 00:00:00,1899-12-30 19:06:55,,561,1911,Driver from Client
[],240000,[],[],398,jenny,2026-04-09 00:00:00,1899-12-30 19:07:04,,561,1912,Driver from Client
3000000,[],[],[],545,Norman,2026-04-09 00:00:00,1899-12-30 19:54:21,Roy,560,1913,Driver from Client
[],770000,[],[],178,ANTHONY,2026-04-10 00:00:00,1899-12-30 10:15:24,,560,1914,Driver from Client
140000,[],[],[],545,rony,2026-04-10 00:00:00,1899-12-30 13:41:06,Manakish,560,1915,Driver from Client
500000,[],[],[],545,Norman,2026-04-10 00:00:00,1899-12-30 19:33:03,Jenny,561,1916,Driver from Client
[],[],8000,[],11,jenny,2026-04-11 00:00:00,1899-12-30 16:29:30,,561,1917,Driver to Driver
[],69300,[],[],627,jenny,2026-04-11 00:00:00,1899-12-30 16:31:19,,561,1918,Driver from Client
[],69300,[],[],627,jenny,2026-04-11 00:00:00,1899-12-30 16:31:26,,561,1919,Driver from Client
[],180000,[],[],125,jenny,2026-04-11 00:00:00,1899-12-30 16:31:34,,561,1920,Driver from Client
[],80000,[],[],627,jenny,2026-04-11 00:00:00,1899-12-30 16:31:43,,561,1921,Driver from Client
[],50000,[],[],179,jenny,2026-04-11 00:00:00,1899-12-30 16:31:51,,561,1922,Driver from Client
[],130000,[],[],427,jenny,2026-04-11 00:00:00,1899-12-30 16:32:15,,561,1923,Driver from Client
65000,[],[],[],545,RONY,2026-04-11 00:00:00,1899-12-30 17:32:28,DE5AN + MAY,560,1924,Driver from Client
165000,[],[],[],545,RONY,2026-04-11 00:00:00,1899-12-30 17:34:41,MALEK EL TAOUK,560,1925,Driver from Client
[],320000,[],[],499,jenny,2026-04-11 00:00:00,1899-12-30 17:53:09,,561,1926,Driver from Client
700000,[],[],[],545,RONY,2026-04-11 00:00:00,1899-12-30 19:46:47,FADI MSALLEM,560,1927,Driver from Client
[],360000,[],[],519,Norman,2026-04-13 00:00:00,1899-12-30 16:28:39,7634,560,1928,Driver from Client
450000,[],[],[],545,Norman,2026-04-13 00:00:00,1899-12-30 16:54:03,Charbel,561,1929,Driver from Client
2500000,[],[],[],545,rony,2026-04-13 00:00:00,1899-12-30 21:01:22,BENZIN + PASSPORT,560,1930,Driver from Client
[],1620000,[],[],481,RONY,2026-04-14 00:00:00,1899-12-30 12:28:55,,122,1931,Driver from Client
200000,[],[],[],122,RONY,2026-04-14 00:00:00,1899-12-30 12:33:59,,560,1932,Driver to Driver
150000,[],[],[],545,,2026-04-14 00:00:00,1899-12-30 12:40:11,JENNY GIFT MARO,560,1933,Driver from Client
[],3010000,[],[],28,jenny,2026-04-14 00:00:00,1899-12-30 12:53:54,,144,1934,Driver from Client
[],120000,[],[],338,jenny,2026-04-14 00:00:00,1899-12-30 13:05:19,,561,1935,Driver from Client
[],40000,[],[],427,jenny,2026-04-14 00:00:00,1899-12-30 13:05:28,,561,1936,Driver from Client
[],1000000,[],[],606,jenny,2026-04-14 00:00:00,1899-12-30 13:05:37,,561,1937,Driver from Client
[],70000,[],[],627,jenny,2026-04-14 00:00:00,1899-12-30 13:05:45,,561,1938,Driver from Client
[],700000,[],[],434,jenny,2026-04-14 00:00:00,1899-12-30 13:30:04,,560,1939,Driver from Client
17000,[],[],[],545,Norman,2026-04-14 00:00:00,1899-12-30 15:01:02,Seven up,560,1940,Driver from Client
[],1730000,[],[],523,joey,2026-04-15 00:00:00,1899-12-30 08:39:15,invoice #7687,560,1941,Driver from Client
1500000,[],[],[],545,JOEY,2026-04-15 00:00:00,1899-12-30 10:00:02,CASH,560,1942,Driver from Client
27000,[],[],[],545,RONY,2026-04-15 00:00:00,1899-12-30 12:53:03,TEREA,560,1943,Driver from Client
530000,[],[],[],545,RONY,2026-04-15 00:00:00,1899-12-30 13:42:31,Jenny Delivery,560,1944,Driver from Client
500000,[],[],[],545,RONY,2026-04-15 00:00:00,1899-12-30 14:21:35,kangaroo,560,1945,Driver from Client
[],1700000,[],[],464,jenny,2026-04-15 00:00:00,1899-12-30 15:42:32,,561,1946,Driver from Client
230000,[],[],[],545,rony,2026-04-15 00:00:00,1899-12-30 17:48:24,croz terea,560,1947,Driver from Client
111100,[],[],[],545,rony,2026-04-15 00:00:00,1899-12-30 18:22:40,Ghasil,560,1948,Driver from Client
1000000,[],[],[],131,jenny,2026-04-15 00:00:00,1899-12-30 18:38:45,men hseb,560,1949,Driver to Driver
[],540000,[],[],447,rony,2026-04-15 00:00:00,1899-12-30 18:44:44,invoice # 7644,560,1950,Driver from Client
1650000,[],[],[],293,NORMAN,2026-04-15 00:00:00,1899-12-30 18:55:28,,560,1951,Driver to Driver
1060000,[],[],[],295,rony,2026-04-15 00:00:00,1899-12-30 19:20:56,,560,1952,Driver to Driver
68000,[],[],[],258,rony,2026-04-15 00:00:00,1899-12-30 19:26:17,,561,1953,Driver to Driver
[],[],420000,[],99,rony,2026-04-15 00:00:00,1899-12-30 19:53:28,,560,1954,Driver to Driver
[],80000,[],[],396,rony,2026-04-15 00:00:00,1899-12-30 19:53:47,,99,1955,Driver from Client
115500,[],[],[],626,rony,2026-04-15 00:00:00,1899-12-30 20:02:17,,561,1956,Driver from Client
790000,[],[],[],319,Norman,2026-04-15 00:00:00,1899-12-30 20:04:41,,561,1957,Driver to Driver
1329700,[],[],[],545,Norman,2026-04-15 00:00:00,1899-12-30 20:13:36,28 Hanna,560,1958,Driver from Client
327000,[],[],[],616,Norman,2026-04-15 00:00:00,1899-12-30 20:14:43,,561,1959,Driver to Driver
120000,[],[],[],296,Norman,2026-04-15 00:00:00,1899-12-30 20:18:05,,560,1960,Driver to Driver
610000,[],[],[],297,rony,2026-04-15 00:00:00,1899-12-30 20:40:24,,560,1961,Driver to Driver
[],[],400000,[],122,rony,2026-04-15 00:00:00,1899-12-30 20:42:04,,560,1962,Driver to Driver
60000,[],[],[],32,Norman,2026-04-15 00:00:00,1899-12-30 20:43:55,,561,1963,Driver to Driver
1000000,[],[],[],545,roy,2026-04-15 00:00:00,1899-12-30 21:30:15,Jenny,560,1964,Driver from Client
500000,[],[],[],545,rony,2026-04-16 00:00:00,1899-12-30 09:44:02,CHARBEL,560,1965,Driver from Client
1270000,[],[],[],303,rony,2026-04-16 00:00:00,1899-12-30 09:44:14,,560,1966,Driver to Driver
550000,[],[],[],131,Norman,2026-04-16 00:00:00,1899-12-30 10:55:40,,560,1967,Driver to Driver
[],280000,[],[],429,Norman,2026-04-16 00:00:00,1899-12-30 11:21:36,,560,1968,Driver from Client
[],[],22000,[],299,rony,2026-04-16 00:00:00,1899-12-30 13:09:43,,560,1969,Driver to Driver
1180000,[],[],[],314,Norman,2026-04-16 00:00:00,1899-12-30 14:59:26,,560,1970,Driver to Driver
[],[],15000,[],301,jenny,2026-04-16 00:00:00,1899-12-30 21:33:19,,561,1971,Driver to Driver
[],200000,[],[],145,jenny,2026-04-16 00:00:00,1899-12-30 21:35:14,,561,1972,Driver from Client
[],[],200000,[],11,jenny,2026-04-16 00:00:00,1899-12-30 21:35:25,eid sfeir,561,1973,Driver to Driver
[],80000,[],[],625,jenny,2026-04-16 00:00:00,1899-12-30 21:35:35,,561,1974,Driver from Client
380000,[],[],[],545,ANTHONY,2026-04-17 00:00:00,1899-12-30 11:35:29,dawa,560,1975,Driver from Client
[],2300000,[],[],507,ANTHONY,2026-04-17 00:00:00,1899-12-30 13:49:19,INVOICE #7745,560,1976,Driver from Client
[],100000,[],[],273,NORMAN,2026-04-17 00:00:00,1899-12-30 15:16:13,,560,1977,Driver from Client
580000,[],[],[],545,NORMAN,2026-04-17 00:00:00,1899-12-30 15:20:16,BENZINE,560,1978,Driver from Client
1320000,[],[],[],324,Norman,2026-04-17 00:00:00,1899-12-30 16:16:41,,560,1979,Driver to Driver
1170000,[],[],[],621,RONY,2026-04-17 00:00:00,1899-12-30 17:50:35,,560,1980,Driver from Client
410000,[],[],[],545,RONY,2026-04-17 00:00:00,1899-12-30 19:22:30,FOOD,560,1981,Driver from Client
820000,[],[],[],73,RONY,2026-04-17 00:00:00,1899-12-30 19:58:55,,561,1982,Driver to Driver
[],3044400,[],[],186,RONY,2026-04-17 00:00:00,1899-12-30 20:48:04,simon nasr,560,1983,Driver from Client
[],60000,[],[],525,joey,2026-04-18 00:00:00,1899-12-30 09:28:33,,560,1984,Driver from Client
2910000,[],[],[],363,ANTHONY,2026-04-18 00:00:00,1899-12-30 10:48:57,,560,1985,Driver from Client
[],960000,[],[],537,joey,2026-04-18 00:00:00,1899-12-30 11:00:39,,560,1986,Driver from Client
250000,[],[],[],545,joey,2026-04-18 00:00:00,1899-12-30 12:00:42,phone bill 76999240,561,1987,Driver from Client
250000,[],[],[],545,joey,2026-04-18 00:00:00,1899-12-30 12:01:58,phone bill 78999240,561,1988,Driver from Client
50000,[],[],[],545,joey,2026-04-18 00:00:00,1899-12-30 12:06:40,ogero bill 04711350,561,1989,Driver from Client
378000,[],[],[],545,joey,2026-04-18 00:00:00,1899-12-30 12:07:56,phone bill 76070579,561,1990,Driver from Client
[],60000,[],[],130,jenny,2026-04-18 00:00:00,1899-12-30 12:36:46,62 toni msallem,561,1991,Driver from Client
[],2000000,[],[],163,jenny,2026-04-18 00:00:00,1899-12-30 12:37:15,,561,1992,Driver from Client
[],70000,[],[],338,jenny,2026-04-18 00:00:00,1899-12-30 12:37:27,,561,1993,Driver from Client
[],150000,[],[],165,jenny,2026-04-18 00:00:00,1899-12-30 12:38:05,,561,1994,Driver from Client
[],120000,[],[],338,jenny,2026-04-18 00:00:00,1899-12-30 12:38:20,,561,1995,Driver from Client
[],1340000,[],[],398,jenny,2026-04-18 00:00:00,1899-12-30 12:41:06,,561,1996,Driver from Client
[],350000,[],[],451,jenny,2026-04-18 00:00:00,1899-12-30 12:41:19,,561,1997,Driver from Client
[],890000,[],[],485,jenny,2026-04-18 00:00:00,1899-12-30 12:41:34,,561,1998,Driver from Client
[],380000,[],[],470,jenny,2026-04-18 00:00:00,1899-12-30 12:41:52,,561,1999,Driver from Client
[],[],60000,[],11,jenny,2026-04-18 00:00:00,1899-12-30 12:42:01,22,561,2000,Driver to Driver
[],460000,[],[],197,jenny,2026-04-18 00:00:00,1899-12-30 12:42:17,,561,2001,Driver from Client
[],1630000,[],[],81,ANTHONY,2026-04-18 00:00:00,1899-12-30 12:42:22,7766,560,2002,Driver from Client
[],425000,[],[],225,jenny,2026-04-18 00:00:00,1899-12-30 12:42:51,,561,2003,Driver from Client
[],420000,[],[],471,jenny,2026-04-18 00:00:00,1899-12-30 12:43:05,,561,2004,Driver from Client
[],450000,[],[],120,jenny,2026-04-18 00:00:00,1899-12-30 12:43:29,,561,2005,Driver from Client
[],1160000,[],[],50,jenny,2026-04-18 00:00:00,1899-12-30 12:44:51,,561,2006,Driver from Client
[],730000,[],[],500,jenny,2026-04-18 00:00:00,1899-12-30 12:45:03,,561,2007,Driver from Client
[],640000,[],[],583,jenny,2026-04-18 00:00:00,1899-12-30 12:45:14,,561,2008,Driver from Client
5500,[],[],[],545,Norman,2026-04-18 00:00:00,1899-12-30 13:05:36,Water bottles,560,2009,Driver from Client
350000,[],[],[],151,Norman,2026-04-18 00:00:00,1899-12-30 13:08:04,,561,2010,Driver to Driver
65000,[],[],[],545,Norman,2026-04-18 00:00:00,1899-12-30 13:27:11,Nescafe,560,2011,Driver from Client
[],1570000,[],[],401,Norman,2026-04-18 00:00:00,1899-12-30 13:40:54,7793,560,2012,Driver from Client
[],1050000,[],[],367,Norman,2026-04-18 00:00:00,1899-12-30 15:16:03,7719,560,2013,Driver from Client
